School Year,Building Code,DBN,Location Code,Location Name,Major Crime,Other Crime,Non Criminal,Property Crime,Violent Crime,NTA
2013-14,K001,15K001,K001,P.S. 001 The Bergen,0.0,2.0,1.0,1.0,0.0,Sunset Park West
2013-14,K002,0,0,655 PARKSIDE AVENUE CONSOLIDATED LOCATION,1.0,5.0,2.0,2.0,4.0,Prospect Lefferts Gardens-Wingate
2013-14,K003,13K003,K003,P.S. 003 The Bedford Village,2.0,0.0,0.0,2.0,0.0,Clinton Hill
2013-14,K005,16K005,K005,P.S. 005 Dr. Ronald Mcnair,1.0,1.0,0.0,2.0,0.0,Stuyvesant Heights
2013-14,K006,17K006,K006,P.S. 006,0.0,1.0,2.0,0.0,0.0,Erasmus
2013-14,K007,19K007,K007,P.S. 007 Abraham Lincoln,0.0,1.0,0.0,0.0,0.0,Cypress Hills-City Line
2013-14,K009,0,0,80 UNDERHILL AVENUE CONSOLIDATED LOCATION,0.0,1.0,1.0,1.0,0.0,Prospect Heights
2013-14,K010,15K010,K010,"Magnet School of Math, Science and Design Technolo",0.0,1.0,0.0,0.0,1.0,Park Slope-Gowanus
2013-14,K011,13K011,K011,P.S. 011 Purvis J. Behan,1.0,0.0,1.0,1.0,0.0,Clinton Hill
2013-14,K107,15K107,K107,P.S. 107 John W. Kimball,0.0,1.0,0.0,1.0,0.0,Park Slope-Gowanus
2013-14,K012,0,0,430 HOWARD AVENUE CONSOLIDATED LOCATION,2.0,3.0,3.0,5.0,0.0,Ocean Hill
2013-14,K013,0,0,557 PENNSYLVANIA AVENUE CONSOLIDATED LOCATION,0.0,1.0,4.0,0.0,1.0,East New York (Pennsylvania Ave)
2013-14,K014,22K014,K014,J.H.S. 014 Shell Bank,0.0,4.0,2.0,3.0,0.0,Sheepshead Bay-Gerritsen Beach-Manhattan Beach
2013-14,K015,15K015,K015,P.S. 015 Patrick F. Daly,0.0,1.0,1.0,1.0,0.0,Carroll Gardens-Columbia Street-Red Hook
2013-14,K016,0,0,157 WILSON STREET CONSOLIDATED LOCATION,0.0,0.0,2.0,0.0,0.0,Williamsburg
2013-14,K017,0,0,208 NORTH  5 STREET CONSOLIDATED LOCATION,0.0,0.0,1.0,0.0,0.0,North Side-South Side
2013-14,K018,14K018,K018,P.S. 018 Edward Bush,1.0,2.0,1.0,3.0,0.0,East Williamsburg
2013-14,K019,0,0,325 SOUTH  3 STREET CONSOLIDATED LOCATION,0.0,1.0,1.0,1.0,0.0,North Side-South Side
2013-14,K020,0,0,225 ADELPHI STREET CONSOLIDATED LOCATION,0.0,0.0,1.0,0.0,0.0,Fort Greene
2013-14,K021,16K021,K021,P.S. 021 Crispus Attucks,0.0,1.0,1.0,1.0,0.0,Crown Heights North
2013-14,K022,0,0,443 ST MARKS AVENUE CONSOLIDATED LOCATION,2.0,0.0,2.0,2.0,0.0,Crown Heights North
2013-14,K102,20K102,K102,P.S. 102 The Bayview,0.0,1.0,1.0,1.0,0.0,Bay Ridge
2013-14,K023,0,0,545 WILLOUGHBY AVENUE CONSOLIDATED LOCATION,1.0,0.0,0.0,1.0,0.0,Bedford
2013-14,K024,15K024,K024,P.S. 024,0.0,0.0,1.0,0.0,0.0,Sunset Park West
2013-14,K025,0,0,787 LAFAYETTE AVENUE CONSOLIDATED LOCATION,0.0,3.0,0.0,0.0,2.0,Stuyvesant Heights
2013-14,K026,0,0,1014 LAFAYETTE AVENUE CONSOLIDATED LOCATION,1.0,0.0,6.0,1.0,0.0,Stuyvesant Heights
2013-14,K027,0,0,27 HUNTINGTON STREET CONSOLIDATED LOCATION,0.0,1.0,0.0,1.0,0.0,Carroll Gardens-Columbia Street-Red Hook
2013-14,K029,15K029,K029,P.S. 029 John M. Harrigan,0.0,0.0,1.0,0.0,0.0,Carroll Gardens-Columbia Street-Red Hook
2013-14,K032,0,0,317 HOYT STREET CONSOLIDATED LOCATION,1.0,3.0,1.0,4.0,0.0,Carroll Gardens-Columbia Street-Red Hook
2013-14,K033,0,0,70 TOMPKINS AVENUE CONSOLIDATED LOCATION,1.0,7.0,2.0,4.0,3.0,Bedford
2013-14,K034,14K034,K034,P.S. 034 Oliver H. Perry,1.0,1.0,0.0,2.0,0.0,Greenpoint
2013-14,K035,0,0,272 MACDONOUGH STREET CONSOLIDATED LOCATION,0.0,1.0,2.0,0.0,1.0,Stuyvesant Heights
2013-14,K038,15K038,K038,P.S. 038 The Pacific,0.0,0.0,1.0,0.0,0.0,DUMBO-Vinegar Hill-Downtown Brooklyn-Boerum Hill
2013-14,K040,0,0,265 RALPH AVENUE CONSOLIDATED LOCATION,1.0,0.0,0.0,1.0,0.0,Stuyvesant Heights
2013-14,K041,23K041,K041,P.S. 041 Francis White,0.0,6.0,0.0,0.0,5.0,Brownsville
2013-14,K043,21K098,K098,I.S. 98 Bay Academy,0.0,0.0,1.0,0.0,0.0,Sheepshead Bay-Gerritsen Beach-Manhattan Beach
2013-14,K044,0,0,432 MONROE STREET CONSOLIDATED LOCATION,0.0,0.0,1.0,0.0,0.0,Stuyvesant Heights
2013-14,K045,32K045,K045,P.S./I.S. 045 Horace E. Greene,0.0,1.0,2.0,1.0,0.0,Bushwick South
2013-14,K046,0,0,100 CLERMONT AVENUE CONSOLIDATED LOCATION,2.0,1.0,2.0,3.0,0.0,Fort Greene
2013-14,K049,0,0,223 GRAHAM AVENUE CONSOLIDATED LOCATION,1.0,8.0,4.0,4.0,4.0,East Williamsburg
2013-14,K108,19K108,K108,P.S. 108 Sal Abbracciamento,0.0,0.0,3.0,0.0,0.0,Cypress Hills-City Line
2013-14,K050,0,0,183 SOUTH  3 STREET  CONSOLIDATED LOCATION,0.0,2.0,1.0,1.0,1.0,North Side-South Side
2013-14,K052,22K052,K052,P.S. 052 Sheepshead Bay,0.0,1.0,0.0,0.0,1.0,Sheepshead Bay-Gerritsen Beach-Manhattan Beach
2013-14,K054,13K054,K054,P.S. 054 Samuel C. Barnes,1.0,0.0,0.0,0.0,1.0,Bedford
2013-14,K055,0,0,2021 BERGEN STREET CONSOLIDATED LOCATION,0.0,5.0,7.0,3.0,1.0,Ocean Hill
2013-14,K104,20K104,K104,P.S./I.S. 104 The Fort Hamilton School,0.0,1.0,2.0,1.0,0.0,Bay Ridge
2013-14,K057,0,0,125 STUYVESANT AVENUE CONSOLIDATED LOCATION,2.0,3.0,4.0,2.0,1.0,Stuyvesant Heights
2013-14,K059,0,0,211 THROOP AVENUE CONSOLIDATED LOCATION,0.0,1.0,0.0,0.0,0.0,Stuyvesant Heights
2013-14,K061,17K061,K061,M.S. 061 Dr. Gladstone H. Atwell,2.0,6.0,8.0,3.0,4.0,Prospect Lefferts Gardens-Wingate
2013-14,K062,20K062,K062,J.H.S. 062 Ditmas,0.0,2.0,0.0,1.0,1.0,Kensington-Ocean Parkway
2013-14,K067,0,0,51 SAINT EDWARDS STREET CONSOLIDATED LOCATION,0.0,2.0,2.0,1.0,0.0,Fort Greene
2013-14,K068,18K068,K068,I.S. 068 Isaac Bildersee,2.0,10.0,7.0,3.0,7.0,Canarsie
2013-14,K071,0,0,215 HEYWARD STREET CONSOLIDATED LOCATION,3.0,13.0,12.0,7.0,7.0,Williamsburg
2013-14,K072,0,0,605 SHEPHERD AVENUE CONSOLIDATED LOCATION,1.0,2.0,4.0,1.0,2.0,East New York
2013-14,K073,0,0,251 MCDOUGAL STREET CONSOLIDATED LOCATION,0.0,1.0,5.0,0.0,1.0,Ocean Hill
2013-14,K075,32K075,K075,P.S. 075 Mayda Cortiella,0.0,0.0,1.0,0.0,0.0,Bushwick South
2013-14,K078,22K078,K078,J.H.S. 078 Roy H. Mann,1.0,3.0,7.0,1.0,3.0,Georgetown-Marine Park-Bergen Beach-Mill Basin
2013-14,K081,16K081,K081,P.S. 081 Thaddeus Stevens,0.0,4.0,2.0,2.0,1.0,Stuyvesant Heights
2013-14,K084,14K084,K084,P.S. 084 Jose De Diego,0.0,0.0,1.0,0.0,0.0,North Side-South Side
2013-14,K085,75K753,K753,P.S. K753 - School for Career Development,2.0,4.0,4.0,3.0,3.0,Fort Greene
2013-14,K088,0,0,544 7TH AVENUE CONSOLIDATED LOCATION,0.0,7.0,4.0,3.0,3.0,Sunset Park West
2013-14,K090,21K090,K090,P.S. 90 Edna Cohen School,0.0,2.0,2.0,2.0,0.0,West Brighton
2013-14,K091,17K091,K091,P.S. 091 The Albany Avenue School,1.0,2.0,2.0,1.0,2.0,Prospect Lefferts Gardens-Wingate
2013-14,K092,0,0,601 PARKSIDE AVENUE CONSOLIDATED LOCATION,2.0,0.0,2.0,1.0,1.0,Prospect Lefferts Gardens-Wingate
2013-14,K093,13K093,K093,P.S. 093 William H. Prescott,0.0,1.0,0.0,1.0,0.0,Crown Heights North
2013-14,K094,15K094,K094,P.S. 094 The Henry Longfellow,0.0,1.0,0.0,1.0,0.0,Sunset Park East
2013-14,K095,21K095,K095,P.S. 095 The Gravesend,0.0,0.0,3.0,0.0,0.0,Gravesend
2013-14,K096,21K096,K096,I.S. 096 Seth Low,0.0,3.0,8.0,1.0,1.0,Bensonhurst East
2013-14,K097,21K097,K097,P.S. 97 The Highlawn,0.0,1.0,1.0,1.0,0.0,Bensonhurst East
2013-14,K099,21K099,K099,P.S. 099 Isaac Asimov,0.0,0.0,1.0,0.0,0.0,Ocean Parkway South
2013-14,K100,21K100,K100,P.S. 100 The Coney Island School,1.0,0.0,1.0,0.0,1.0,West Brighton
2013-14,K101,21K101,K101,P.S. 101 The Verrazano,0.0,0.0,1.0,0.0,0.0,Bensonhurst East
2013-14,K105,20K105,K105,P.S. 105 The Blythebourne,0.0,1.0,0.0,1.0,0.0,Borough Park
2013-14,K106,32K106,K106,P.S. 106 Edward Everett Hale,0.0,2.0,0.0,2.0,0.0,Bushwick North
2013-14,K110,14K110,K110,P.S. 110 The Monitor,0.0,1.0,0.0,1.0,0.0,Greenpoint
2013-14,K111,0,0,35 STARR STREET CONSOLIDATED LOCATION,0.0,4.0,12.0,2.0,2.0,Bushwick South
2013-14,K112,20K112,K112,P.S. 112 Lefferts Park,0.0,0.0,1.0,0.0,0.0,Bensonhurst West
2013-14,K113,13K113,K113,M.S. 113 Ronald Edmonds Learning Center,1.0,1.0,0.0,2.0,0.0,Fort Greene
2013-14,K114,0,0,1077 REMSEN AVENUE CONSOLIDATED LOCATION,1.0,0.0,0.0,1.0,0.0,Canarsie
2013-14,K115,18K115,K115,P.S. 115 Daniel Mucatel School,0.0,1.0,1.0,1.0,0.0,Canarsie
2013-14,K117,0,0,300 WILLOUGHBY AVENUE CONSOLIDATED LOCATION,0.0,2.0,2.0,0.0,2.0,Clinton Hill
2013-14,K119,22K119,K119,P.S. 119 Amersfort,0.0,0.0,1.0,0.0,0.0,Flatlands
2013-14,K120,14K120,K120,P.S. 120 Carlos Tapia,0.0,0.0,1.0,0.0,0.0,Bushwick South
2013-14,K126,0,0,424 LEONARD STREET CONSOLIDATED LOCATION,0.0,5.0,5.0,1.0,1.0,Greenpoint
2013-14,K131,15K131,K131,P.S. 131 Brooklyn,0.0,0.0,2.0,0.0,0.0,Borough Park
2013-14,K136,0,0,4004 4 AVENUE CONSOLIDATED LOCATION,1.0,2.0,4.0,1.0,1.0,Sunset Park West
2013-14,K137,23K137,K137,P.S./I.S. 137 Rachel Jean Mitchell,1.0,1.0,3.0,1.0,1.0,Ocean Hill
2013-14,K138,0,0,760 PROSPECT PLACE CONSOLIDATED LOCATION,2.0,1.0,1.0,3.0,0.0,Crown Heights North
2013-14,K139,22K139,K139,P.S. 139 Alexine A. Fenty,2.0,0.0,1.0,2.0,0.0,Flatbush
2013-14,K142,0,0,610 HENRY STREET CONSOLIDATED LOCATION,1.0,8.0,6.0,6.0,2.0,Carroll Gardens-Columbia Street-Red Hook
2013-14,K145,32K145,K145,P.S. 145 Andrew Jackson,2.0,2.0,0.0,4.0,0.0,Bushwick South
2013-14,K147,0,0,325 BUSHWICK AVENUE CONSOLIDATED LOCATION,1.0,3.0,1.0,3.0,1.0,Bushwick South
2013-14,K148,75K373,K373,P.S. 373 - Brooklyn Transition Center,1.0,7.0,0.0,5.0,3.0,Bedford
2013-14,K149,19K149,K149,P.S. 149 Danny Kaye,0.0,1.0,1.0,0.0,1.0,East New York (Pennsylvania Ave)
2013-14,K150,0,0,364 SACKMAN STREET CONSOLIDATED LOCATION,1.0,1.0,2.0,1.0,1.0,Brownsville
2013-14,K152,0,0,2310 GLENWOOD ROAD CONSOLIDATED LOCATION,1.0,0.0,1.0,0.0,1.0,Flatbush
2013-14,K154,15K154,K154,The Windsor Terrace School,0.0,2.0,0.0,1.0,1.0,Windsor Terrace
2013-14,K155,23K155,K155,P.S./ I.S. 155 Nicholas Herkimer,0.0,2.0,1.0,1.0,1.0,Ocean Hill
2013-14,K157,14K157,K157,P.S. 157 Benjamin Franklin,0.0,1.0,0.0,1.0,0.0,Bedford
2013-14,K158,19K158,K158,P.S. 158 Warwick,0.0,1.0,0.0,1.0,0.0,East New York
2013-14,K159,19K159,K159,P.S. 159 Isaac Pitkin,1.0,0.0,0.0,1.0,0.0,East New York
2013-14,K161,17K161,K161,P.S. 161 The Crown,0.0,0.0,2.0,0.0,0.0,Crown Heights South
2013-14,K162,32K162,K162,J.H.S. 162 The Willoughby,0.0,1.0,2.0,0.0,0.0,Bushwick North
2013-14,K165,23K165,K165,P.S. 165 Ida Posner,1.0,3.0,1.0,1.0,3.0,Brownsville
2013-14,K166,0,0,800 VAN SICLEN AVE CONSOLIDATED LOCATION,1.0,7.0,5.0,4.0,2.0,East New York
2013-14,K167,0,0,1025 EASTERN PARKWAY CONSOLIDATED LOCATION,0.0,1.0,1.0,1.0,0.0,Crown Heights North
2013-14,K169,15K169,K169,P.S. 169 Sunset Park,0.0,0.0,1.0,0.0,0.0,Sunset Park East
2013-14,K171,19K171,K171,I.S. 171 Abraham Lincoln,0.0,2.0,3.0,1.0,1.0,Cypress Hills-City Line
2013-14,K174,0,0,574 DUMONT AVENUE CONSOLIDATED LOCATION,0.0,1.0,1.0,1.0,0.0,East New York (Pennsylvania Ave)
2013-14,K175,0,0,226 BRISTOL STREET CONSOLIDATED LOCATION,1.0,8.0,11.0,8.0,1.0,Brownsville
2013-14,K176,20K176,K176,P.S. 176 Ovington,0.0,3.0,0.0,3.0,0.0,Dyker Heights
2013-14,K178,23K178,K178,P.S. 178 Saint Clair Mckelway,1.0,4.0,1.0,1.0,4.0,Ocean Hill
2013-14,K179,20K179,K179,P.S. 179 Kensington,0.0,1.0,1.0,1.0,0.0,Kensington-Ocean Parkway
2013-14,K180,0,0,5601 16 AVENUE CONSOLIDATED LOCATION,1.0,4.0,0.0,3.0,1.0,Borough Park
2013-14,K181,17K181,K181,P.S. 181 Brooklyn,1.0,4.0,2.0,1.0,3.0,East Flatbush-Farragut
2013-14,K183,0,0,76 RIVERDALE AVENUE CONSOLIDATED LOCATION,0.0,0.0,1.0,0.0,0.0,Brownsville
2013-14,K184,23K184,K184,P.S. 184 Newport,1.0,0.0,2.0,0.0,1.0,Brownsville
2013-14,K186,20K186,K186,P.S. 186 Dr. Irving A Gladstone,1.0,2.0,1.0,2.0,0.0,Bensonhurst West
2013-14,K188,21K188,K188,P.S. 188 Michael E. Berdy,1.0,0.0,2.0,1.0,0.0,Seagate-Coney Island
2013-14,K189,17K189,K189,P.S. 189 The Bilingual Center,0.0,2.0,3.0,0.0,1.0,Brownsville
2013-14,K190,0,0,590 SHEFFIELD AVENUE CONSOLIDATED LOCATION,1.0,1.0,1.0,2.0,0.0,East New York (Pennsylvania Ave)
2013-14,K191,17K191,K191,P.S. 191 Paul Robeson,1.0,1.0,1.0,2.0,0.0,Crown Heights North
2013-14,K192,20K192,K192,P.S. 192 - The Magnet School for Math and Science,0.0,1.0,0.0,1.0,0.0,Borough Park
2013-14,K193,22K193,K193,P.S. 193 Gil Hodges,2.0,0.0,0.0,2.0,0.0,Midwood
2013-14,K194,22K194,K194,P.S. 194 Raoul Wallenberg,1.0,0.0,0.0,1.0,0.0,Sheepshead Bay-Gerritsen Beach-Manhattan Beach
2013-14,K196,0,0,207 BUSHWICK AVENUE CONSOLIDATED LOCATION,0.0,2.0,1.0,1.0,0.0,Bushwick South
2013-14,K197,0,0,1599 EAST  22 STREET CONSOLIDATED LOCATION,0.0,2.0,1.0,1.0,0.0,Midwood
2013-14,K200,20K200,K200,P.S. 200 Benson School,0.0,1.0,0.0,1.0,0.0,Bath Beach
2013-14,K201,20K201,K201,J.H.S. 201 The Dyker Heights,0.0,1.0,0.0,0.0,1.0,Dyker Heights
2013-14,K202,0,0,982 HEGEMAN AVENUE CONSOLIDATED LOCATION,1.0,2.0,13.0,2.0,1.0,East New York
2013-14,K203,22K203,K203,P.S. 203 Floyd Bennett School,2.0,3.0,1.0,2.0,2.0,Flatlands
2013-14,K206,22K206,K206,P.S. 206 Joseph F Lamb,1.0,1.0,1.0,1.0,1.0,Sheepshead Bay-Gerritsen Beach-Manhattan Beach
2013-14,K210,0,0,188 ROCHESTER AVENUE CONSOLIDATED LOCATION,0.0,1.0,2.0,1.0,0.0,Crown Heights North
2013-14,K211,0,0,1001 EAST 100 STREET CONSOLIDATED LOCATION,0.0,3.0,3.0,2.0,1.0,Canarsie
2013-14,K212,21K212,K212,P.S. 212 Lady Deborah Moody,0.0,0.0,1.0,0.0,0.0,Gravesend
2013-14,K213,19K213,K213,P.S. 213 New Lots,0.0,2.0,4.0,2.0,0.0,East New York
2013-14,K215,21K215,K215,P.S. 215 Morris H. Weiss,1.0,0.0,1.0,1.0,0.0,Homecrest
2013-14,K217,22K217,K217,P.S. 217 Colonel David Marcus School,1.0,1.0,0.0,1.0,1.0,Flatbush
2013-14,K218,0,0,370 FOUNTAIN AVENUE CONSOLIDATED LOCATION,1.0,3.0,17.0,3.0,1.0,East New York
2013-14,K220,20K220,K220,J.H.S. 220 John J. Pershing,0.0,3.0,1.0,2.0,1.0,Sunset Park East
2013-14,K221,0,0,791 EMPIRE BOULEVARD CONSOLIDATED LOCATION,1.0,1.0,0.0,1.0,1.0,Crown Heights South
2013-14,K223,0,0,4200 16 AVENUE CONSOLIDATED LOCATION,0.0,3.0,3.0,1.0,2.0,Borough Park
2013-14,K224,19K224,K224,P.S. 224 Hale A. Woodruff,0.0,4.0,6.0,1.0,2.0,East New York
2013-14,K225,0,0,1075 OCEAN VIEW AVENUE CONSOLIDATED LOCATION,0.0,1.0,3.0,1.0,0.0,Brighton Beach
2013-14,K227,20K227,K227,J.H.S. 227 Edward B. Shallow,0.0,1.0,6.0,0.0,1.0,Bensonhurst West
2013-14,K228,21K228,K228,I.S. 228 David A. Boody,0.0,1.0,3.0,0.0,1.0,Bensonhurst East
2013-14,K232,0,0,905 WINTHROP STREET CONSOLIDATED LOCATION,2.0,15.0,4.0,6.0,6.0,Prospect Lefferts Gardens-Wingate
2013-14,K233,18K233,K233,P.S. 233 Langston Hughes,1.0,0.0,0.0,0.0,1.0,Rugby-Remsen Village
2013-14,K234,22K234,K234,J.H.S. 234 Arthur W. Cunningham,0.0,4.0,8.0,1.0,3.0,Madison
2013-14,K237,0,0,50 AVENUE P CONSOLIDATED LOCATION,0.0,0.0,3.0,0.0,0.0,Bensonhurst East
2013-14,K238,21K238,K238,P.S. 238 Anne Sullivan,0.0,2.0,1.0,1.0,1.0,Homecrest
2013-14,K282,13K282,K282,P.S. 282 Park Slope,1.0,2.0,2.0,3.0,0.0,Park Slope-Gowanus
2013-14,K239,21K239,K239,Mark Twain I.S. 239 for the Gifted & Talented,0.0,1.0,1.0,0.0,1.0,Seagate-Coney Island
2013-14,K240,22K240,K240,Andries Hudde,2.0,6.0,6.0,0.0,5.0,Midwood
2013-14,K242,18K635,K635,Olympus Academy,0.0,1.0,0.0,1.0,0.0,Canarsie
2013-14,K244,18K244,K244,P.S. 244 Richard R. Green,0.0,0.0,1.0,0.0,0.0,Rugby-Remsen Village
2013-14,K246,0,0,72 VERONICA PLACE CONSOLIDATED LOCATION,2.0,5.0,4.0,2.0,4.0,Erasmus
2013-14,K247,20K247,K247,P.S. 247 Brooklyn,0.0,0.0,1.0,0.0,0.0,Bensonhurst West
2013-14,K249,17K249,K249,P.S. 249 The Caton,0.0,1.0,0.0,1.0,0.0,Flatbush
2013-14,K251,22K251,K251,P.S. 251 Paerdegat,1.0,2.0,1.0,2.0,1.0,Flatlands
2013-14,K252,0,0,1084 LENOX ROAD CONSOLIDATED LOCATION,2.0,0.0,0.0,0.0,2.0,Rugby-Remsen Village
2013-14,K255,22K255,K255,P.S. 255 Barbara Reing School,0.0,0.0,1.0,0.0,0.0,Madison
2013-14,K256,13K256,K256,P.S. 256 Benjamin Banneker,0.0,1.0,1.0,0.0,1.0,Bedford
2013-14,K257,14K257,K257,P.S. 257 John F. Hylan,0.0,2.0,0.0,2.0,0.0,East Williamsburg
2013-14,Q079,25Q079,Q079,P.S. 079 Francis Lewis,1.0,0.0,0.0,1.0,0.0,Whitestone
2013-14,K258,0,0,141 MACON STREET CONSOLIDATED LOCATION,0.0,4.0,6.0,0.0,2.0,Bedford
2013-14,K259,20K259,K259,J.H.S. 259 William Mckinley,1.0,2.0,0.0,2.0,0.0,Dyker Heights
2013-14,K261,15K261,K261,P.S. 261 Philip Livingston,0.0,2.0,0.0,2.0,0.0,DUMBO-Vinegar Hill-Downtown Brooklyn-Boerum Hill
2013-14,K262,16K262,K262,P.S. 262 El Hajj Malik El Shabazz Elementary Schoo,0.0,2.0,2.0,2.0,0.0,Crown Heights North
2013-14,K263,0,0,210 CHESTER STREET CONSOLIDATED LOCATION,1.0,3.0,0.0,4.0,0.0,Brownsville
2013-14,K265,0,0,101 PARK AVENUE CONSOLIDATED LOCATION,1.0,3.0,5.0,3.0,0.0,Fort Greene
2013-14,K268,18K268,K268,P.S. 268 Emma Lazarus,0.0,0.0,1.0,0.0,0.0,Rugby-Remsen Village
2013-14,K269,22K269,K269,P.S. 269 Nostrand,0.0,0.0,1.0,0.0,0.0,Flatbush
2013-14,K270,0,0,241 EMERSON PLACE CONSOLIDATED LOCATION,0.0,0.0,1.0,0.0,0.0,Clinton Hill
2013-14,X107,08X107,X107,P.S. 107,0.0,1.0,1.0,0.0,1.0,Soundview-Castle Hill-Clason Point-Harding Park
2013-14,K335,0,0,130 ROCHESTER AVENUE CONSOLIDATED LOCATION,1.0,1.0,4.0,2.0,0.0,Crown Heights North
2013-14,K271,0,0,1137 HERKIMER STREET CONSOLIDATED LOCATION,2.0,12.0,5.0,12.0,1.0,Ocean Hill
2013-14,K272,18K272,K272,P.S. 272 Curtis Estabrook,0.0,1.0,0.0,0.0,1.0,Canarsie
2013-14,K274,32K274,K274,P.S. 274 Kosciusko,0.0,0.0,1.0,0.0,0.0,Bushwick South
2013-14,K275,0,0,985 ROCKAWAY AVENUE CONSOLIDATED LOCATION,1.0,4.0,2.0,2.0,2.0,Brownsville
2013-14,K278,22K278,K278,J.H.S. 278 Marine Park,0.0,3.0,7.0,1.0,0.0,park-cemetery-etc-Brooklyn
2013-14,K281,21K281,K281,I.S. 281 Joseph B Cavallaro,1.0,3.0,5.0,1.0,0.0,Bensonhurst East
2013-14,K284,23K284,K284,P.S. 284 Lew Wallace,0.0,2.0,2.0,1.0,1.0,Brownsville
2013-14,K285,18K285,K285,I.S. 285 Meyer Levin,0.0,5.0,4.0,1.0,1.0,Rugby-Remsen Village
2013-14,K286,75K811,K811,P.S. K811 Connie Lekas School,1.0,1.0,1.0,2.0,0.0,Sheepshead Bay-Gerritsen Beach-Manhattan Beach
2013-14,K288,21K288,K288,P.S. 288 The Shirley Tanyhill,0.0,0.0,2.0,0.0,0.0,Seagate-Coney Island
2013-14,K289,17K289,K289,P.S. 289 George V. Brower,0.0,0.0,2.0,0.0,0.0,Crown Heights North
2013-14,K290,19K290,K290,P.S. 290 Juan Morel Campos,0.0,0.0,1.0,0.0,0.0,East New York
2013-14,K291,0,0,231 PALMETTO STREET CONSOLIDATED LOCATION,1.0,0.0,12.0,1.0,0.0,Bushwick North
2013-14,K292,0,0,301 VERMONT STREET|300 WYONA STREET|CONSOLIDATED LOCATION,3.0,4.0,12.0,3.0,4.0,
2013-14,K293,0,0,284 BALTIC STREET CONSOLIDATED LOCATION,1.0,9.0,7.0,7.0,1.0,DUMBO-Vinegar Hill-Downtown Brooklyn-Boerum Hill
2013-14,K296,0,0,125 COVERT STREET CONSOLIDATED LOCATION,1.0,5.0,4.0,4.0,2.0,Bushwick South
2013-14,K298,0,0,85 WATKINS STREET CONSOLIDATED LOCATION,0.0,4.0,3.0,1.0,3.0,Brownsville
2013-14,K299,32K299,K299,P.S. 299 Thomas Warren Field,0.0,1.0,1.0,0.0,1.0,Bushwick South
2013-14,K306,19K306,K306,P.S. 306 Ethan Allen,1.0,1.0,6.0,1.0,1.0,East New York
2013-14,K302,0,0,350 LINWOOD STREET CONSOLIDATED LOCATION,1.0,6.0,19.0,5.0,2.0,East New York
2013-14,K303,0,0,521 WEST AVENUE CONSOLIDATED LOCATION,1.0,6.0,3.0,6.0,0.0,West Brighton
2013-14,K304,0,0,280 HART STREET CONSOLIDATED LOCATION,1.0,0.0,0.0,1.0,0.0,Stuyvesant Heights
2013-14,K305,0,0,344 MONROE STREET CONSOLIDATED LOCATION,1.0,4.0,1.0,3.0,1.0,Bedford
2013-14,K307,0,0,209 YORK STREET CONSOLIDATED LOCATION,0.0,2.0,0.0,1.0,0.0,DUMBO-Vinegar Hill-Downtown Brooklyn-Boerum Hill
2013-14,K308,0,0,616 QUINCY STREET CONSOLIDATED LOCATION,0.0,2.0,0.0,1.0,0.0,Stuyvesant Heights
2013-14,K309,0,0,794 MONROE STREET CONSOLIDATED LOCATION,1.0,1.0,0.0,1.0,1.0,Stuyvesant Heights
2013-14,K313,0,0,283 ADAMS STREET CONSOLIDATED LOCATION,2.0,1.0,5.0,1.0,2.0,DUMBO-Vinegar Hill-Downtown Brooklyn-Boerum Hill
2013-14,K314,0,0,330 59 STREET CONSOLIDATED LOCATION,0.0,3.0,0.0,3.0,0.0,Sunset Park West
2013-14,K316,0,0,750 CLASSON AVENUE CONSOLIDATED LOCATION,0.0,1.0,3.0,0.0,1.0,Prospect Heights
2013-14,K318,14K318,K318,I.S. 318 Eugenio Maria De Hostos,0.0,1.0,1.0,1.0,0.0,Williamsburg
2013-14,K320,0,0,46 MCKEEVER PLACE CONSOLIDATED LOCATION,6.0,2.0,10.0,4.0,4.0,Crown Heights South
2013-14,K324,0,0,800 GATES AVENUE CONSOLIDATED LOCATION,2.0,1.0,3.0,2.0,1.0,Stuyvesant Heights
2013-14,K327,23K327,K327,P.S. 327 Dr. Rose B. English,1.0,0.0,3.0,0.0,1.0,Brownsville
2013-14,K329,21K329,K329,P.S. 329 Surfside,0.0,0.0,1.0,0.0,0.0,Seagate-Coney Island
2013-14,K332,0,0,51 CHRISTOPHER AVENUE CONSOLIDATED LOCATION,0.0,0.0,1.0,0.0,0.0,Brownsville
2013-14,K346,0,0,1400 PENNSYLVANIA AVENUE CONSOLIDATED LOCATION,0.0,2.0,5.0,0.0,1.0,Starrett City
2013-14,K356,0,0,104 SUTTER AVENUE CONSOLIDATED LOCATION,1.0,1.0,1.0,2.0,0.0,Brownsville
2013-14,K366,18K366,K366,THE SCIENCE AND MEDICINE MIDDLE SCHOOL,0.0,1.0,0.0,1.0,0.0,Canarsie
2013-14,K369,75K369,K369,P.S. K369  - Coy L. Cox School,0.0,0.0,1.0,0.0,0.0,DUMBO-Vinegar Hill-Downtown Brooklyn-Boerum Hill
2013-14,K371,75K371,K371,P.S. 371 - Lillian L. Rashkis,6.0,6.0,3.0,3.0,7.0,Sunset Park West
2013-14,K377,32K377,K377,P.S. 377 Alejandrina B. De Gautier,0.0,2.0,1.0,0.0,0.0,Bushwick South
2013-14,K383,0,0,1300 GREENE AVENUE CONSOLIDATED LOCATION,0.0,1.0,0.0,1.0,0.0,Bushwick North
2013-14,K384,32K384,K384,P.S. /I.S. 384 Frances E. Carter,1.0,2.0,4.0,1.0,2.0,Bushwick North
2013-14,K390,0,0,1224 PARK PLACE CONSOLIDATED LOCATION,0.0,1.0,0.0,0.0,0.0,Crown Heights North
2013-14,K391,0,0,790 EAST NEW YORK AVENUE CONSOLIDATED LOCATION,2.0,6.0,5.0,7.0,1.0,Prospect Lefferts Gardens-Wingate
2013-14,K395,22K109,K109,P.S. 109,0.0,0.0,1.0,0.0,0.0,East Flatbush-Farragut
2013-14,K396,75K396,K396,P.S. K396,0.0,1.0,2.0,0.0,1.0,Brownsville
2013-14,K397,17K397,K397,P.S. 397 Foster-Laurie,0.0,1.0,0.0,1.0,0.0,Prospect Lefferts Gardens-Wingate
2013-14,K398,0,0,60 EAST  94 STREET CONSOLIDATED LOCATION,0.0,1.0,1.0,1.0,0.0,Rugby-Remsen Village
2013-14,K400,0,0,2630 BENSON AVENUE CONSOLIDATED LOCATION,1.0,8.0,6.0,8.0,0.0,Gravesend
2013-14,K405,22K405,K405,Midwood High School,3.0,11.0,2.0,12.0,2.0,Flatbush
2013-14,K410,0,0,2800 OCEAN PARKWAY CONSOLIDATED LOCATION,3.0,15.0,29.0,5.0,9.0,West Brighton
2013-14,K415,0,0,5800 TILDEN AVENUE CONSOLIDATED LOCATION,2.0,5.0,4.0,3.0,3.0,Rugby-Remsen Village
2013-14,K420,0,0,999 JAMAICA AVENUE CONSOLIDATED LOCATION,3.0,5.0,18.0,4.0,3.0,park-cemetery-etc-Brooklyn
2013-14,K422,0,0,1065 ELTON STREET CONSOLIDATED LOCATION,1.0,3.0,1.0,2.0,2.0,East New York
2013-14,K425,22K425,K425,James Madison High School,2.0,8.0,26.0,1.0,5.0,Madison
2013-14,K430,13K430,K430,Brooklyn Technical High School,2.0,6.0,8.0,3.0,0.0,Fort Greene
2013-14,K435,0,0,400 PENNSYLVANIA AVENUE CONSOLIDATED LOCATION,4.0,8.0,20.0,6.0,5.0,East New York (Pennsylvania Ave)
2013-14,K440,0,0,883 CLASSON AVENUE CONSOLIDATED LOCATION,1.0,8.0,19.0,2.0,6.0,Crown Heights South
2013-14,M008,06M008,M008,P.S. 008 Luis Belliard,0.0,1.0,0.0,0.0,1.0,Washington Heights South
2013-14,K445,0,0,1601 80 STREET CONSOLIDATED LOCATION,2.0,9.0,8.0,6.0,4.0,Bensonhurst West
2013-14,K450,0,0,850 GRAND STREET CONSOLIDATED LOCATION,2.0,11.0,21.0,10.0,1.0,Bushwick South
2013-14,K455,0,0,1700 FULTON STREET CONSOLIDATED LOCATION,5.0,4.0,33.0,6.0,1.0,Crown Heights North
2013-14,K458,0,0,832 MARCY AVENUE CONSOLIDATED LOCATION,0.0,3.0,2.0,2.0,1.0,Bedford
2013-14,K460,0,0,237 7 AVENUE CONSOLIDATED LOCATION,2.0,9.0,14.0,7.0,2.0,Park Slope-Gowanus
2013-14,K465,0,0,911 FLATBUSH AVENUE CONSOLIDATED LOCATION,4.0,6.0,17.0,3.0,5.0,Erasmus
2013-14,K470,0,0,600 KINGSTON AVENUE CONSOLIDATED LOCATION,3.0,2.0,16.0,2.0,3.0,Prospect Lefferts Gardens-Wingate
2013-14,K480,0,0,400 IRVING AVENUE CONSOLIDATED LOCATION,3.0,11.0,37.0,7.0,3.0,Bushwick North
2013-14,K485,20K485,K485,High School of  Telecommunication Arts and Technol,0.0,3.0,2.0,2.0,0.0,Bay Ridge
2013-14,K486,20K187,K187,The Christa McAuliffe School\I.S. 187,0.0,0.0,1.0,0.0,0.0,Dyker Heights
2013-14,K490,20K490,K490,Fort Hamilton High School,1.0,10.0,7.0,9.0,1.0,Bay Ridge
2013-14,K495,0,0,3000 AVENUE X CONSOLIDATED LOCATION,2.0,14.0,35.0,11.0,4.0,Sheepshead Bay-Gerritsen Beach-Manhattan Beach
2013-14,K500,0,0,1600 ROCKAWAY PARKWAY CONSOLIDATED LOCATION,1.0,4.0,11.0,2.0,3.0,Canarsie
2013-14,K505,0,0,5800 20 AVENUE CONSOLIDATED LOCATION,0.0,7.0,4.0,4.0,1.0,Borough Park
2013-14,K515,0,0,6565 FLATLANDS AVENUE CONSOLIDATED LOCATION,1.0,7.0,28.0,4.0,1.0,Canarsie
2013-14,K520,15K423,K423,Brooklyn Frontiers High School,0.0,0.0,3.0,0.0,0.0,DUMBO-Vinegar Hill-Downtown Brooklyn-Boerum Hill
2013-14,K525,21K525,K525,Edward R. Murrow High School,2.0,8.0,6.0,8.0,2.0,Midwood
2013-14,K540,21K540,K540,John Dewey High School,3.0,8.0,10.0,3.0,8.0,Gravesend
2013-14,K554,32K554,K554,All City Leadership Secondary School,0.0,0.0,1.0,0.0,0.0,Bushwick North
2013-14,K564,15K667,K667,Sunset Park High School,3.0,4.0,3.0,2.0,5.0,Sunset Park West
2013-14,K580,0,0,105 JOHNSON STREET CONSOLIDATED LOCATION,3.0,9.0,13.0,6.0,4.0,DUMBO-Vinegar Hill-Downtown Brooklyn-Boerum Hill
2013-14,K590,17K590,K590,Medgar Evers College Preparatory School,2.0,4.0,2.0,5.0,1.0,Crown Heights South
2013-14,K600,17K600,K600,Clara Barton High School,0.0,7.0,14.0,3.0,4.0,Crown Heights South
2013-14,K610,0,0,50 BEDFORD AVENUE CONSOLIDATED LOCATION,2.0,3.0,5.0,4.0,0.0,North Side-South Side
2013-14,K615,19K615,K615,Transit Tech Career and Technical Education High S,0.0,2.0,16.0,0.0,1.0,East New York
2013-14,K620,0,0,25 BRIGHTON  4TH ROAD CONSOLIDATED LOCATION,2.0,1.0,13.0,1.0,2.0,Brighton Beach
2013-14,K625,0,0,150 ALBANY AVENUE CONSOLIDATED LOCATION,0.0,3.0,19.0,0.0,2.0,Crown Heights North
2013-14,K650,0,0,257 NORTH  6 STREET CONSOLIDATED LOCATION,1.0,8.0,24.0,5.0,4.0,North Side-South Side
2013-14,K655,0,0,345 DEAN STREET CONSOLIDATED LOCATION,1.0,8.0,3.0,7.0,0.0,DUMBO-Vinegar Hill-Downtown Brooklyn-Boerum Hill
2013-14,K660,19K660,K660,W. H. Maxwell Career and Technical Education High,0.0,8.0,12.0,0.0,6.0,East New York (Pennsylvania Ave)
2013-14,K721,21K690,K690,Brooklyn Studio Secondary School,0.0,3.0,4.0,1.0,1.0,Bensonhurst West
2013-14,K728,21K728,K728,Liberation Diploma Plus,0.0,2.0,3.0,2.0,0.0,Seagate-Coney Island
2013-14,K778,14K685,K685,El Puente Academy for Peace and Justice,0.0,1.0,0.0,1.0,0.0,Williamsburg
2013-14,K781,15K529,K529,West Brooklyn Community High School,0.0,1.0,0.0,1.0,0.0,Sunset Park East
2013-14,K804,15K519,K519,Cobble Hill School of American Studies,3.0,3.0,4.0,1.0,5.0,DUMBO-Vinegar Hill-Downtown Brooklyn-Boerum Hill
2013-14,K805,0,0,49 FLATBUSH AVENUE EXTENSION CONSOLIDATED LOCATION,3.0,9.0,9.0,5.0,4.0,DUMBO-Vinegar Hill-Downtown Brooklyn-Boerum Hill
2013-14,K806,0,0,362 SCHERMERHORN STREET CONSOLIDATED LOCATION,2.0,0.0,1.0,2.0,0.0,DUMBO-Vinegar Hill-Downtown Brooklyn-Boerum Hill
2013-14,K819,19K409,K409,East New York Family Academy,0.0,0.0,1.0,0.0,0.0,East New York
2013-14,K824,0,0,402 EASTERN PARKWAY CONSOLIDATED LOCATION,1.0,1.0,1.0,2.0,0.0,Crown Heights South
2013-14,K825,15K698,K698,South Brooklyn Community High School,0.0,0.0,1.0,0.0,0.0,Carroll Gardens-Columbia Street-Red Hook
2013-14,K834,0,0,512 CARROLL STREET CONSOLIDATED LOCATION,0.0,0.0,1.0,0.0,0.0,Park Slope-Gowanus
2013-14,K845,0,0,330 18 STREET CONSOLIDATED LOCATION,0.0,0.0,1.0,0.0,0.0,Sunset Park West
2013-14,K857,75K036,K036,P.S. 36,0.0,2.0,1.0,1.0,1.0,East New York
2013-14,K860,18K673,K673,East Brooklyn Community High School,2.0,2.0,1.0,4.0,0.0,Rugby-Remsen Village
2013-14,K865,32K556,K556,Bushwick Leaders High School for Academic Excellen,0.0,1.0,0.0,0.0,0.0,Bushwick South
2013-14,K894,0,0,1495 HERKIMER STREET CONSOLIDATED LOCATION,2.0,5.0,2.0,5.0,2.0,Ocean Hill
2013-14,K902,0,0,62 PARK PLACE CONSOLIDATED LOCATION,1.0,1.0,2.0,0.0,1.0,Park Slope-Gowanus
2013-14,K907,17K568,K568,Brownsville Academy High School,1.0,3.0,6.0,4.0,0.0,Brownsville
2013-14,K909,13K499,K499,ACORN Community High School,3.0,2.0,9.0,2.0,2.0,Crown Heights North
2013-14,K913,32K545,K545,EBC High School for Public Service - Bushwick,0.0,2.0,2.0,1.0,1.0,Bushwick South
2013-14,K914,13K670,K670,Benjamin Banneker Academy,0.0,2.0,1.0,2.0,0.0,Clinton Hill
2013-14,K932,07X695,X695,Passages Academy at Belmont(BN),4.0,1.0,1.0,0.0,5.0,
2013-14,K987,16K498,K498,Brooklyn High School for Law and Technology,0.0,11.0,5.0,7.0,2.0,Stuyvesant Heights
2013-14,K994,13K595,K595,Bedford Academy High School,0.0,1.0,2.0,1.0,0.0,Bedford
2013-14,M001,02M001,M001,P.S. 001 Alfred E. Smith,1.0,0.0,0.0,1.0,0.0,Chinatown
2013-14,M002,02M002,M002,P.S. 002 Meyer London,0.0,1.0,1.0,1.0,0.0,Lower East Side
2013-14,M003,02M003,M003,P.S. 003 Charrette School,0.0,2.0,0.0,2.0,0.0,West Village
2013-14,M004,06M004,M004,P.S. 004 Duke Ellington,0.0,1.0,0.0,1.0,0.0,Washington Heights South
2013-14,M005,06M005,M005,P.S. 005 Ellen Lurie,0.0,0.0,1.0,0.0,0.0,Marble Hill-Inwood
2013-14,M007,0,0,160 EAST 120 STREET CONSOLIDATED LOCATION,1.0,2.0,0.0,2.0,1.0,East Harlem North
2013-14,M009,0,0,100 WEST  84 STREET CONSOLIDATED LOCATION,0.0,0.0,1.0,0.0,0.0,Upper West Side
2013-14,M010,05M499,M499,Frederick Douglass Academy,0.0,10.0,8.0,6.0,3.0,Central Harlem North-Polo Grounds
2013-14,M011,02M011,M011,P.S. 011 William T. Harris,0.0,1.0,0.0,1.0,0.0,Hudson Yards-Chelsea-Flatiron-Union Square
2013-14,M013,0,0,1573 MADISON AVENUE CONSOLIDATED LOCATION,0.0,2.0,2.0,0.0,2.0,East Harlem South
2013-14,M015,01M015,M015,P.S. 015 Roberto Clemente,2.0,1.0,1.0,2.0,1.0,Lower East Side
2013-14,M017,0,0,328 WEST  48 STREET CONSOLIDATED LOCATION,1.0,0.0,3.0,1.0,0.0,Clinton
2013-14,M019,0,0,185 1 AVENUE CONSOLIDATED LOCATION,1.0,3.0,1.0,1.0,1.0,East Village
2013-14,M020,01M020,M020,P.S. 020 Anna Silver,0.0,2.0,2.0,2.0,0.0,Chinatown
2013-14,M022,01M539,M539,"New Explorations into Science, Technology and Math",0.0,3.0,4.0,2.0,1.0,Lower East Side
2013-14,M025,0,0,145 STANTON STREET CONSOLIDATED LOCATION,0.0,7.0,10.0,3.0,4.0,Chinatown
2013-14,M028,06M028,M028,P.S. 028 Wright Brothers,1.0,0.0,0.0,1.0,0.0,Washington Heights South
2013-14,M030,0,0,144-176 EAST 128 STREET CONSOLIDATED LOCATION,0.0,1.0,2.0,1.0,0.0,East Harlem North
2013-14,M034,01M034,M034,P.S. 034 Franklin D. Roosevelt,0.0,0.0,1.0,0.0,0.0,Lower East Side
2013-14,M036,05M036,M036,P.S. 036 Margaret Douglas,0.0,2.0,3.0,2.0,0.0,Morningside Heights
2013-14,M040,0,0,319 EAST 19 STREET CONSOLIDATED LOCATION,1.0,1.0,2.0,2.0,0.0,Gramercy
2013-14,M645,02M655,M655,Life Sciences Secondary School,0.0,5.0,3.0,2.0,2.0,Yorkville
2013-14,M043,0,0,509 WEST 129 STREET CONSOLIDATED LOCATION,2.0,12.0,14.0,4.0,3.0,Manhattanville
2013-14,M044,0,0,100 WEST  77 STREET CONSOLIDATED LOCATION,0.0,3.0,1.0,1.0,1.0,Upper West Side
2013-14,M045,0,0,2351 1ST AVENUE CONSOLIDATED LOCATION,1.0,7.0,4.0,1.0,5.0,East Harlem North
2013-14,M046,05M046,M046,P.S. 046 Arthur Tappan,1.0,3.0,1.0,4.0,0.0,
2013-14,M047,0,0,223 EAST 23 STREET CONSOLIDATED LOCATION,0.0,0.0,2.0,0.0,0.0,Gramercy
2013-14,M050,0,0,433 EAST 100 STREET CONSOLIDATED LOCATION,1.0,3.0,2.0,4.0,0.0,East Harlem South
2013-14,M052,0,0,650 ACADEMY STREET CONSOLIDATED LOCATION,0.0,1.0,2.0,0.0,1.0,Marble Hill-Inwood
2013-14,M054,03M054,M054,J.H.S. 054 Booker T. Washington,1.0,4.0,1.0,4.0,1.0,Morningside Heights
2013-14,M056,0,0,220 HENRY STREET CONSOLIDATED LOCATION,4.0,15.0,9.0,14.0,5.0,Lower East Side
2013-14,M057,04M057,M057,James Weldon Johnson,1.0,1.0,1.0,2.0,0.0,East Harlem North
2013-14,M058,75M035,M035,P.S. 035,2.0,6.0,23.0,1.0,6.0,Clinton
2013-14,M060,01M450,M450,East Side Community School,1.0,4.0,0.0,3.0,1.0,East Village
2013-14,M061,0,0,610 EAST  12 STREET CONSOLIDATED LOCATION,1.0,1.0,0.0,1.0,1.0,Lower East Side
2013-14,M063,0,0,121 EAST  3 STREET CONSOLIDATED LOCATION,0.0,0.0,2.0,0.0,0.0,East Village
2013-14,M064,0,0,600 EAST  6 STREET CONSOLIDATED LOCATION,1.0,3.0,0.0,4.0,0.0,Lower East Side
2013-14,M070,0,0,333 WEST  17 STREET CONSOLIDATED LOCATION,1.0,4.0,1.0,5.0,0.0,Hudson Yards-Chelsea-Flatiron-Union Square
2013-14,M075,0,0,735 WEST END AVENUE CONSOLIDATED LOCATION,2.0,2.0,2.0,2.0,2.0,Upper West Side
2013-14,M076,03M076,M076,P.S. 076 A. Philip Randolph,1.0,1.0,1.0,2.0,0.0,Central Harlem South
2013-14,M079,75M079,M079,P.S. M079 - Horan School,0.0,3.0,4.0,1.0,2.0,East Harlem North
2013-14,M083,0,0,219 EAST 109 STREET CONSOLIDATED LOCATION,3.0,0.0,1.0,2.0,1.0,East Harlem North
2013-14,M084,0,0,32 WEST  92 STREET CONSOLIDATED LOCATION,0.0,2.0,0.0,1.0,1.0,Upper West Side
2013-14,M088,0,0,215 WEST 114 STREET CONSOLIDATED LOCATION,3.0,4.0,11.0,3.0,3.0,Central Harlem South
2013-14,M090,0,0,21 JUMEL PLACE CONSOLIDATED LOCATION,0.0,1.0,3.0,1.0,0.0,Washington Heights South
2013-14,M092,0,0,222 WEST 134 STREET CONSOLIDATED LOCATION,1.0,1.0,0.0,2.0,0.0,Central Harlem North-Polo Grounds
2013-14,M093,06M210,M210,P.S./I.S. 210 - Twenty-first Century Academy for C,0.0,1.0,0.0,1.0,0.0,Hamilton Heights
2013-14,M096,04M096,M096,P.S. 096 Joseph Lanzetta,0.0,3.0,2.0,1.0,2.0,East Harlem North
2013-14,M121,0,0,232 EAST 103 STREET CONSOLIDATED LOCATION,0.0,2.0,2.0,1.0,1.0,East Harlem South
2013-14,M099,0,0,410 EAST 100 STREET CONSOLIDATED LOCATION,2.0,5.0,5.0,6.0,1.0,East Harlem South
2013-14,M101,04M375,M375,Mosaic Preparatory Academy,0.0,5.0,1.0,4.0,1.0,East Harlem South
2013-14,M104,02M104,M104,J.H.S. 104 Simon Baruch,1.0,3.0,3.0,2.0,2.0,Gramercy
2013-14,M107,04M680,M680,"Heritage School, The",0.0,2.0,1.0,0.0,1.0,East Harlem South
2013-14,M108,04M108,M108,P.S. 108 Assemblyman Angelo Del Toro Educational C,0.0,2.0,2.0,1.0,1.0,East Harlem South
2013-14,M111,02M111,M111,P.S. 111 Adolph S. Ochs,1.0,1.0,0.0,2.0,0.0,Clinton
2013-14,M112,04M112,M112,P.S. 112 Jose Celso Barbosa,0.0,1.0,1.0,0.0,1.0,East Harlem North
2013-14,M113,0,0,240 WEST 113 STREET CONSOLIDATED LOCATION,2.0,0.0,1.0,1.0,1.0,Central Harlem South
2013-14,M115,06M115,M115,P.S. 115 Alexander Humboldt,0.0,1.0,0.0,1.0,0.0,Washington Heights South
2013-14,M116,02M116,M116,P.S. 116 Mary Lindley Murray,0.0,0.0,1.0,0.0,0.0,Murray Hill-Kips Bay
2013-14,M117,0,0,240 EAST 109 STREET CONSOLIDATED LOCATION,1.0,5.0,7.0,2.0,3.0,East Harlem South
2013-14,M118,0,0,154 WEST  93 STREET CONSOLIDATED LOCATION,2.0,2.0,6.0,1.0,3.0,Upper West Side
2013-14,M485,03M485,M485,Fiorello H. LaGuardia High School of Music & Art a,2.0,2.0,5.0,4.0,0.0,Lincoln Square
2013-14,M123,0,0,301 WEST 140 STREET CONSOLIDATED LOCATION,2.0,4.0,5.0,2.0,3.0,Central Harlem North-Polo Grounds
2013-14,M125,0,0,425 WEST 123 STREET CONSOLIDATED LOCATION,0.0,0.0,1.0,0.0,0.0,Morningside Heights
2013-14,M126,0,0,80 CATHERINE STREET CONSOLIDATED LOCATION,0.0,0.0,1.0,0.0,0.0,Chinatown
2013-14,M128,0,0,560 WEST 169 STREET CONSOLIDATED LOCATION,0.0,0.0,1.0,0.0,0.0,Washington Heights South
2013-14,M129,05M129,M129,P.S. 129 John H. Finley,1.0,1.0,3.0,0.0,2.0,Manhattanville
2013-14,M131,0,0,100 HESTER STREET CONSOLIDATED LOCATION,1.0,2.0,3.0,3.0,0.0,Chinatown
2013-14,M132,0,0,185 WADSWORTH AVENUE CONSOLIDATED LOCATION,0.0,1.0,0.0,1.0,0.0,Washington Heights North
2013-14,M133,05M133,M133,P.S. 133 Fred R Moore,0.0,1.0,0.0,1.0,0.0,Central Harlem North-Polo Grounds
2013-14,M134,0,0,293 EAST BROADWAY CONSOLIDATED LOCATION,0.0,5.0,3.0,4.0,1.0,Lower East Side
2013-14,M136,0,0,6 EDGECOMBE AVENUE CONSOLIDATED LOCATION,2.0,8.0,21.0,5.0,5.0,Central Harlem North-Polo Grounds
2013-14,M137,01M184,M184,P.S. 184m Shuang Wen,1.0,0.0,0.0,0.0,1.0,Lower East Side
2013-14,M140,01M140,M140,P.S. 140 Nathan Straus,0.0,0.0,1.0,0.0,0.0,Lower East Side
2013-14,M142,0,0,100 ATTORNEY STREET CONSOLIDATED LOCATION,1.0,0.0,1.0,1.0,0.0,Lower East Side
2013-14,M161,05M161,M161,P.S. 161 Pedro Albizu Campos,0.0,0.0,2.0,0.0,0.0,Manhattanville
2013-14,M143,0,0,511 WEST 182ND STREET CONSOLIDATED LOCATION,0.0,3.0,4.0,1.0,1.0,Washington Heights North
2013-14,M144,0,0,134 WEST 122 STREET CONSOLIDATED LOCATION,0.0,1.0,1.0,1.0,0.0,Central Harlem South
2013-14,M145,0,0,150 WEST 105 STREET CONSOLIDATED LOCATION,0.0,4.0,1.0,1.0,1.0,Upper West Side
2013-14,M146,04M146,M146,P.S. 146 Ann M. Short,3.0,0.0,3.0,2.0,1.0,East Harlem South
2013-14,M152,06M152,M152,P.S. 152 Dyckman Valley,2.0,0.0,0.0,2.0,0.0,Washington Heights North
2013-14,M153,0,0,1750 AMSTERDAM AVENUE CONSOLIDATED LOCATION,2.0,0.0,4.0,2.0,0.0,Hamilton Heights
2013-14,M154,0,0,250 WEST 127 STREET CONSOLIDATED LOCATION,0.0,0.0,1.0,0.0,0.0,Central Harlem North-Polo Grounds
2013-14,M155,0,0,319 EAST 117 STREET CONSOLIDATED LOCATION,1.0,2.0,3.0,2.0,1.0,East Harlem North
2013-14,M164,0,0,401 WEST 164 STREET CONSOLIDATED LOCATION,0.0,13.0,4.0,2.0,7.0,Washington Heights South
2013-14,M165,0,0,234 WEST 109 STREET CONSOLIDATED LOCATION,0.0,4.0,1.0,2.0,2.0,Morningside Heights
2013-14,M166,03M166,M166,P.S. 166 The Richard Rodgers School of The Arts an,2.0,0.0,0.0,0.0,2.0,Upper West Side
2013-14,M167,02M167,M167,J.H.S. 167 Robert F. Wagner,2.0,5.0,1.0,5.0,2.0,Lenox Hill-Roosevelt Island
2013-14,M169,75M169,M169,P.S. M169 - Robert F. Kennedy,2.0,6.0,2.0,1.0,4.0,Upper East Side-Carnegie Hill
2013-14,M171,0,0,19 EAST 103 STREET CONSOLIDATED LOCATION,0.0,1.0,5.0,1.0,0.0,East Harlem South
2013-14,M173,0,0,306 FORT WASHINGTON AVENUE CONSOLIDATED LOCATION,0.0,1.0,0.0,1.0,0.0,Washington Heights South
2013-14,M175,05M175,M175,P.S. 175 Henry H Garnet,1.0,2.0,0.0,2.0,1.0,Central Harlem North-Polo Grounds
2013-14,M176,0,0,4862 BROADWAY CONSOLIDATED LOCATION,1.0,0.0,0.0,1.0,0.0,Marble Hill-Inwood
2013-14,M178,06M178,M178,Professor Juan Bosch Public School,0.0,1.0,0.0,0.0,1.0,Washington Heights North
2013-14,M180,03M180,M180,P.S. 180 Hugo Newman,0.0,2.0,0.0,2.0,0.0,Central Harlem South
2013-14,M183,02M183,M183,P.S. 183 Robert L. Stevenson,1.0,1.0,0.0,2.0,0.0,Lenox Hill-Roosevelt Island
2013-14,M185,0,0,20 WEST 112 STREET CONSOLIDATED LOCATION,0.0,2.0,0.0,2.0,0.0,Central Harlem South
2013-14,M187,06M187,M187,P.S./I.S. 187 Hudson Cliffs,0.0,1.0,2.0,1.0,0.0,Washington Heights North
2013-14,M188,0,0,442 EAST HOUSTON STREET CONSOLIDATED LOCATION ,0.0,5.0,4.0,2.0,3.0,Lower East Side
2013-14,M189,06M189,M189,P.S. 189,1.0,1.0,0.0,1.0,1.0,Washington Heights North
2013-14,M191,03M191,M191,P.S. 191 Amsterdam,1.0,2.0,3.0,2.0,1.0,Lincoln Square
2013-14,M192,0,0,500 WEST 138 STREET CONSOLIDATED LOCATION,0.0,1.0,3.0,0.0,1.0,Manhattanville
2013-14,M194,0,0,244 WEST 144 STREET CONSOLIDATED LOCATION,1.0,3.0,0.0,3.0,1.0,Central Harlem North-Polo Grounds
2013-14,M195,0,0,625 WEST 133 STREET  CONSOLIDATED LOCATION,1.0,4.0,2.0,1.0,4.0,Manhattanville
2013-14,Q251,29Q251,Q251,P.S. 251 Queens,0.0,0.0,1.0,0.0,0.0,Springfield Gardens South-Brookville
2013-14,M198,0,0,1700 3 AVENUE CONSOLIDATED LOCATION,2.0,1.0,0.0,2.0,1.0,Upper East Side-Carnegie Hill
2013-14,M200,05M200,M200,P.S. 200- The James Mccune Smith School,0.0,1.0,1.0,1.0,0.0,Central Harlem North-Polo Grounds
2013-14,M206,0,0,508 EAST 120 STREET CONSOLIDATED LOCATION,0.0,2.0,5.0,2.0,0.0,East Harlem North
2013-14,M207,03M149,M149,P.S. 149 Sojourner Truth,0.0,0.0,1.0,0.0,0.0,Central Harlem South
2013-14,M208,03M208,M208,P.S. 208 Alain L. Locke,0.0,0.0,1.0,0.0,0.0,Central Harlem South
2013-14,M218,0,0,4600 BROADWAY CONSOLIDATED LOCATION,0.0,4.0,4.0,2.0,2.0,Washington Heights North
2013-14,M223,06M223,M223,The Mott Hall School,0.0,0.0,1.0,0.0,0.0,Manhattanville
2013-14,M234,02M234,M234,P.S. 234 Independence School,1.0,0.0,0.0,1.0,0.0,SoHo-TriBeCa-Civic Center-Little Italy
2013-14,M263,06M366,M366,Washington Heights Academy,0.0,1.0,0.0,1.0,0.0,Marble Hill-Inwood
2013-14,M271,02M217,M217,P.S./I.S. 217 Roosevelt Island,0.0,0.0,1.0,0.0,0.0,Lenox Hill-Roosevelt Island
2013-14,M486,02M529,M529,Jacqueline Kennedy Onassis High School,1.0,5.0,4.0,6.0,0.0,Midtown-Midtown South
2013-14,M276,0,0,55 BATTERY PLACE CONSOLIDATED LOCATION,0.0,1.0,0.0,1.0,0.0,Battery Park City-Lower Manhattan
2013-14,M282,0,0,26 BROADWAY CONSOLIDATED LOCATION,1.0,4.0,19.0,3.0,2.0,Battery Park City-Lower Manhattan
2013-14,M338,02M051,M051,P.S. 051 Elias Howe,0.0,1.0,0.0,1.0,0.0,Clinton
2013-14,M371,05M318,M318,Thurgood Marshall Academy Lower School,0.0,1.0,0.0,0.0,1.0,Central Harlem North-Polo Grounds
2013-14,M435,0,0,260 PLEASANT AVENUE CONSOLIDATED LOCATION,1.0,8.0,5.0,4.0,4.0,East Harlem North
2013-14,M440,0,0,351 WEST  18 STREET CONSOLIDATED LOCATION,2.0,13.0,20.0,12.0,2.0,Hudson Yards-Chelsea-Flatiron-Union Square
2013-14,M445,0,0,350 GRAND STREET CONSOLIDATED LOCATION,2.0,9.0,15.0,9.0,2.0,Chinatown
2013-14,M446,01M448,M448,University Neighborhood High School,1.0,0.0,2.0,1.0,0.0,Lower East Side
2013-14,M451,02M550,M550,Liberty High School Academy for Newcomers,2.0,2.0,1.0,3.0,1.0,Hudson Yards-Chelsea-Flatiron-Union Square
2013-14,M660,02M413,M413,School of the Future High School,0.0,0.0,3.0,0.0,0.0,Gramercy
2013-14,M661,02M575,M575,Manhattan Comprehensive Night and Day High School,0.0,1.0,0.0,1.0,0.0,Gramercy
2013-14,M460,0,0,40 IRVING PLACE CONSOLIDATED LOCATION,2.0,9.0,15.0,6.0,4.0,Gramercy
2013-14,M465,0,0,549 AUDUBON AVENUE CONSOLIDATED LOCATION,4.0,7.0,22.0,7.0,2.0,Washington Heights North
2013-14,M470,0,0,145 WEST  84 STREET CONSOLIDATED LOCATION,1.0,5.0,21.0,4.0,2.0,Upper West Side
2013-14,M475,0,0,345 EAST  15TH STREET CONSOLIDATED LOCATION,5.0,9.0,8.0,10.0,4.0,Gramercy
2013-14,M477,02M475,M475,Stuyvesant High School,0.0,2.0,2.0,1.0,0.0,Battery Park City-Lower Manhattan
2013-14,M480,0,0,317 EAST  67 STREET CONSOLIDATED LOCATION,1.0,6.0,3.0,5.0,2.0,Lenox Hill-Roosevelt Island
2013-14,M488,0,0,231-249 EAST 56 STREET CONSOLIDATED LOCATION,0.0,6.0,7.0,3.0,3.0,Turtle Bay-East Midtown
2013-14,M510,0,0,198 FORSYTH STREET CONSOLIDATED LOCATION,0.0,5.0,1.0,2.0,3.0,Chinatown
2013-14,M490,0,0,122 AMSTERDAM AVENUE CONSOLIDATED LOCATION,2.0,18.0,50.0,5.0,8.0,Lincoln Square
2013-14,M495,04M495,M495,Park East High School,0.0,2.0,2.0,1.0,0.0,East Harlem South
2013-14,M501,0,0,2005 MADISON AVENUE CONSOLIDATED LOCATION,1.0,6.0,8.0,2.0,4.0,Central Harlem North-Polo Grounds
2013-14,M506,03M505,M505,Edward A. Reynolds West Side High School,2.0,4.0,4.0,5.0,1.0,Upper West Side
2013-14,M520,0,0,411 PEARL STREET CONSOLIDATED LOCATION,5.0,10.0,22.0,7.0,7.0,Chinatown
2013-14,M528,06M528,M528,I.S. 528 Bea Fuller Rodgers School,0.0,1.0,1.0,1.0,0.0,Washington Heights North
2013-14,M641,0,0,250 WEST HOUSTON STREET CONSOLIDATED LOCATION,0.0,2.0,1.0,2.0,0.0,West Village
2013-14,M535,0,0,525 WEST  50TH STREET CONSOLIDATED LOCATION,4.0,7.0,20.0,6.0,5.0,Clinton
2013-14,M540,06M540,M540,A. Philip Randolph Campus High School,9.0,23.0,17.0,17.0,9.0,Manhattanville
2013-14,M600,02M600,M600,The High School of Fashion Industries,1.0,6.0,9.0,4.0,1.0,Hudson Yards-Chelsea-Flatiron-Union Square
2013-14,M615,0,0,131 AVENUE OF THE AMERICAS CONSOLIDATED LOCATION,1.0,3.0,7.0,2.0,2.0,SoHo-TriBeCa-Civic Center-Little Italy
2013-14,M814,06M346,M346,Community Health Academy of the Heights,0.0,1.0,0.0,1.0,0.0,Washington Heights South
2013-14,M620,0,0,111 EAST  33RD STREET CONSOLIDATED LOCATION,2.0,4.0,13.0,2.0,3.0,Murray Hill-Kips Bay
2013-14,M625,0,0,439 WEST 49TH STREET CONSOLIDATED LOCATION,4.0,10.0,21.0,8.0,6.0,Clinton
2013-14,M751,75M751,M751,Manhattan School for Career Development,1.0,2.0,1.0,2.0,1.0,East Village
2013-14,M807,02M586,M586,Harvey Milk High School,0.0,1.0,2.0,1.0,0.0,West Village
2013-14,M833,02M489,M489,High School of Economics and Finance,1.0,5.0,3.0,4.0,1.0,Battery Park City-Lower Manhattan
2013-14,M834,0,0,444 WEST 56 STREET CONSOLIDATED LOCATION,2.0,1.0,10.0,3.0,0.0,Clinton
2013-14,M840,02M150,M150,P.S. 150,0.0,1.0,0.0,1.0,0.0,SoHo-TriBeCa-Civic Center-Little Italy
2013-14,M841,75M811,M811,P.S. M811 - Mickey Mantle School,0.0,2.0,0.0,1.0,0.0,Upper West Side
2013-14,M855,02M416,M416,Eleanor Roosevelt High School,0.0,0.0,1.0,0.0,0.0,Lenox Hill-Roosevelt Island
2013-14,M873,02M439,M439,Manhattan Village Academy,1.0,2.0,1.0,2.0,1.0,Hudson Yards-Chelsea-Flatiron-Union Square
2013-14,M874,02M411,M411,Baruch College Campus High School,1.0,1.0,0.0,2.0,0.0,Hudson Yards-Chelsea-Flatiron-Union Square
2013-14,M877,02M551,M551,Urban Assembly New York Harbor School,2.0,0.0,1.0,1.0,1.0,Battery Park City-Lower Manhattan
2013-14,M883,0,0,34 WEST  14 STREET CONSOLIDATED LOCATION,0.0,1.0,1.0,0.0,1.0,West Village
2013-14,M894,02M425,M425,Leadership and Public Service High School,1.0,2.0,12.0,2.0,1.0,Battery Park City-Lower Manhattan
2013-14,M895,04M610,M610,Young Women's Leadership School,1.0,1.0,0.0,2.0,0.0,East Harlem South
2013-14,M896,02M531,M531,Repertory Company High School for Theatre Arts,0.0,2.0,1.0,2.0,0.0,Midtown-Midtown South
2013-14,M898,06M018,M018,P.S. 018 Park Terrace,0.0,1.0,1.0,1.0,0.0,Marble Hill-Inwood
2013-14,M905,02M442,M442,"Ballet Tech, NYC Public School for Dance",0.0,1.0,0.0,1.0,0.0,Hudson Yards-Chelsea-Flatiron-Union Square
2013-14,M911,05M285,M285,Harlem Renaissance High School,1.0,4.0,1.0,1.0,1.0,Central Harlem North-Polo Grounds
2013-14,M918,06M278,M278,Paula Hedbavny School,0.0,1.0,0.0,1.0,0.0,Marble Hill-Inwood
2013-14,M920,02M570,M570,Satellite Academy High School,0.0,2.0,1.0,2.0,0.0,Midtown-Midtown South
2013-14,M932,03M859,M859,Special Music School,0.0,0.0,1.0,0.0,0.0,Lincoln Square
2013-14,M970,05M670,M670,Thurgood Marshall Academy for Learning and Social,1.0,7.0,3.0,5.0,3.0,Central Harlem North-Polo Grounds
2013-14,M971,02M397,M397,SPRUCE STREET SCHOOL,1.0,0.0,0.0,1.0,0.0,Battery Park City-Lower Manhattan
2013-14,Q002,30Q002,Q002,P.S. 002 Alfred Zimberg,0.0,1.0,1.0,0.0,1.0,Steinway
2013-14,Q003,28Q303,Q303,The Academy for Excellence through the Arts,0.0,1.0,0.0,1.0,0.0,Forest Hills
2013-14,Q123,27Q123,Q123,P.S. 123,0.0,0.0,1.0,0.0,0.0,Baisley Park
2013-14,Q005,24Q005,Q005,I.S. 5 - The Walter Crowley Intermediate School,1.0,2.0,1.0,1.0,1.0,Elmhurst-Maspeth
2013-14,Q008,0,0,108-35 167 STREET CONSOLIDATED LOCATION,0.0,3.0,9.0,1.0,2.0,South Jamaica
2013-14,Q009,75Q009,Q009,P.S. 009,0.0,0.0,1.0,0.0,0.0,Maspeth
2013-14,Q010,30Q010,Q010,I.S. 010 Horace Greeley,1.0,1.0,1.0,2.0,0.0,Astoria
2013-14,Q019,24Q019,Q019,P.S. 019 Marino Jeantet,0.0,0.0,1.0,0.0,0.0,North Corona
2013-14,Q023,25Q540,Q540,Queens Academy High School,0.0,2.0,0.0,1.0,0.0,Flushing
2013-14,Q025,0,0,34-65 192 STREET CONSOLIDATED LOCATION,1.0,0.0,1.0,1.0,0.0,Auburndale
2013-14,Q030,0,0,126-10 BEDELL STREET CONSOLIDATED LOCATION,0.0,0.0,1.0,0.0,0.0,Springfield Gardens North
2013-14,Q031,26Q031,Q031,P.S. 031 Bayside,1.0,0.0,0.0,1.0,0.0,Bayside-Bayside Hills
2013-14,Q032,25Q032,Q032,P.S. 032 State Street,0.0,0.0,2.0,0.0,0.0,Murray Hill
2013-14,Q034,29Q034,Q034,P.S. 034 John Harvard,0.0,0.0,3.0,0.0,0.0,Queens Village
2013-14,Q035,29Q035,Q035,P.S. 035 Nathaniel Woodhull,0.0,1.0,0.0,0.0,0.0,Hollis
2013-14,Q036,29Q036,Q036,P.S. 036 Saint Albans School,0.0,0.0,1.0,0.0,0.0,St. Albans
2013-14,Q037,29Q037,Q037,Cynthia Jenkins School,1.0,0.0,1.0,0.0,1.0,St. Albans
2013-14,Q040,28Q040,Q040,P.S. 040 Samuel Huntington,0.0,1.0,1.0,1.0,0.0,South Jamaica
2013-14,Q042,27Q042,Q042,P.S./M.S 042 R. Vernam,1.0,2.0,2.0,0.0,2.0,Hammels-Arverne-Edgemere
2013-14,Q043,27Q043,Q043,P.S. 043,1.0,5.0,0.0,4.0,2.0,Far Rockaway-Bayswater
2013-14,Q045,27Q045,Q045,P.S. 045 Clarence Witherspoon,0.0,1.0,2.0,0.0,1.0,Baisley Park
2013-14,Q052,29Q052,Q052,P.S. 052 Queens,0.0,0.0,2.0,0.0,0.0,Springfield Gardens South-Brookville
2013-14,Q053,0,0,10-45 NAMEOKE STREET CONSOLIDATED LOCATION,1.0,3.0,6.0,2.0,1.0,Far Rockaway-Bayswater
2013-14,Q058,24Q058,Q058,P.S. 58 - School of Heroes,0.0,1.0,0.0,1.0,0.0,Maspeth
2013-14,Q059,29Q059,Q059,I.S. 059 Springfield Gardens,0.0,2.0,5.0,1.0,0.0,St. Albans
2013-14,Q061,24Q061,Q061,I.S. 061 Leonardo Da Vinci,1.0,2.0,2.0,3.0,0.0,Corona
2013-14,Q062,27Q062,Q062,P. S. 62 - Chester Park School,2.0,1.0,0.0,3.0,0.0,Richmond Hill
2013-14,Q067,26Q067,Q067,J.H.S. 067 Louis Pasteur,0.0,0.0,2.0,0.0,0.0,Douglas Manor-Douglaston-Little Neck
2013-14,Q068,24Q068,Q068,P.S. 068 Cambridge,0.0,0.0,2.0,0.0,0.0,Ridgewood
2013-14,Q070,30Q070,Q070,P.S. 070 Queens,0.0,1.0,0.0,0.0,1.0,Astoria
2013-14,Q071,24Q071,Q071,P.S. 071 Forest,0.0,1.0,3.0,1.0,0.0,Ridgewood
2013-14,Q072,28Q072,Q072,Catherine & Count Basie Middle School 72,3.0,4.0,8.0,3.0,4.0,Springfield Gardens North
2013-14,Q073,24Q073,Q073,I.S. 73 - The Frank Sansivieri Intermediate School,0.0,1.0,2.0,1.0,0.0,Maspeth
2013-14,Q074,26Q074,Q074,J.H.S. 074 Nathaniel Hawthorne,0.0,1.0,1.0,1.0,0.0,Oakland Gardens
2013-14,Q075,75Q075,Q075,Robert E. Peary School,0.0,0.0,1.0,0.0,0.0,Ridgewood
2013-14,Q081,24Q081,Q081,P.S. 81Q Jean Paul Richter,0.0,0.0,1.0,0.0,0.0,Ridgewood
2013-14,Q082,28Q082,Q082,P.S. 082 Hammond,0.0,0.0,1.0,0.0,0.0,Briarwood-Jamaica Hills
2013-14,Q085,30Q085,Q085,P.S. 085 Judge Charles Vallone,0.0,0.0,1.0,0.0,0.0,Steinway
2013-14,Q086,28Q086,Q086,P.S. Q086,0.0,0.0,1.0,0.0,0.0,Briarwood-Jamaica Hills
2013-14,Q089,24Q089,Q089,P.S. 089 Elmhurst,0.0,1.0,0.0,0.0,0.0,Elmhurst
2013-14,Q091,24Q091,Q091,P.S. 091 Richard Arkwright,0.0,1.0,0.0,1.0,0.0,Glendale
2013-14,Q093,24Q093,Q093,I.S. 093 Ridgewood,0.0,3.0,3.0,2.0,1.0,Ridgewood
2013-14,Q095,29Q095,Q095,P.S. 095 Eastwood,1.0,0.0,1.0,1.0,0.0,Jamaica
2013-14,Q100,27Q100,Q100,P.S. 100 Glen Morris,0.0,0.0,1.0,0.0,0.0,South Ozone Park
2013-14,Q102,24Q102,Q102,P.S. 102 Bayview,0.0,0.0,1.0,0.0,0.0,Elmhurst-Maspeth
2013-14,Q105,27Q105,Q105,P.S. 105 The Bay School,2.0,0.0,1.0,0.0,2.0,Hammels-Arverne-Edgemere
2013-14,Q106,27Q106,Q106,P.S. 106,1.0,1.0,4.0,1.0,1.0,Hammels-Arverne-Edgemere
2013-14,Q107,25Q107,Q107,P.S. 107 Thomas A Dooley,1.0,1.0,1.0,0.0,1.0,East Flushing
2013-14,Q109,29Q109,Q109,Jean Nuzzi Intermediate School,2.0,1.0,8.0,1.0,2.0,Queens Village
2013-14,Q111,30Q111,Q111,P.S. 111 Jacob Blackwell,0.0,1.0,3.0,1.0,0.0,Queensbridge-Ravenswood-Long Island City
2013-14,Q112,30Q112,Q112,P.S. 112 Dutch Kills,1.0,0.0,1.0,1.0,0.0,Queensbridge-Ravenswood-Long Island City
2013-14,Q114,27Q114,Q114,P.S. / M.S. 114 Belle Harbor,0.0,1.0,1.0,0.0,0.0,Breezy Point-Belle Harbor-Rockaway Park-Broad Channel
2013-14,Q116,29Q116,Q116,PS/IS 116 William C. Hughley,1.0,4.0,1.0,3.0,1.0,South Jamaica
2013-14,Q118,29Q118,Q118,P.S. 118 Lorraine Hansberry,1.0,0.0,0.0,1.0,0.0,Hollis
2013-14,Q119,24Q119,Q119,I.S. 119 The Glendale,0.0,4.0,4.0,4.0,0.0,Glendale
2013-14,Q120,25Q120,Q120,P.S. 120 Queens,1.0,0.0,0.0,1.0,0.0,Queensboro Hill
2013-14,Q124,27Q124,Q124,P.S. 124 Osmond A Church,0.0,1.0,0.0,1.0,0.0,South Ozone Park
2013-14,Q125,24Q125,Q125,I.S. 125 Thom J. McCann Woodside,0.0,0.0,1.0,0.0,0.0,Hunters Point-Sunnyside-West Maspeth
2013-14,Q126,0,0,31-51 21 STREET CONSOLIDATED LOCATION,0.0,0.0,2.0,0.0,0.0,Astoria
2013-14,Q127,30Q127,Q127,P.S. 127 Aerospace Science Magne,0.0,4.0,3.0,2.0,1.0,East Elmhurst
2013-14,Q129,25Q129,Q129,P.S. 129 Patricia Larkin,0.0,0.0,1.0,0.0,0.0,Whitestone
2013-14,Q131,29Q131,Q131,P.S. 131 Abigail Adams,0.0,1.0,0.0,1.0,0.0,Briarwood-Jamaica Hills
2013-14,Q134,29Q134,Q134,P.S. 134 Hollis,0.0,0.0,2.0,0.0,0.0,Hollis
2013-14,Q136,29Q136,Q136,P.S. 136 Roy Wilkins,0.0,2.0,0.0,1.0,1.0,St. Albans
2013-14,Q137,27Q137,Q137,M.S. 137 America's School of Heroes,1.0,6.0,7.0,3.0,3.0,Ozone Park
2013-14,Q138,29Q138,Q138,P.S./ M.S.138 Sunrise,0.0,2.0,2.0,2.0,0.0,Rosedale
2013-14,Q140,28Q140,Q140,P.S. 140 Edward K Ellington,0.0,1.0,1.0,0.0,1.0,Baisley Park
2013-14,Q141,30Q141,Q141,I.S. 141 The Steinway,0.0,1.0,0.0,1.0,0.0,Steinway
2013-14,Q142,0,0,142-10 LINDEN BOULEVARD CONSOLIDATED LOCATION,6.0,3.0,11.0,3.0,6.0,Baisley Park
2013-14,Q143,24Q143,Q143,P.S. 143 Louis Armstrong,0.0,1.0,1.0,1.0,0.0,North Corona
2013-14,Q145,30Q145,Q145,I.S. 145 Joseph Pulitzer,1.0,2.0,5.0,0.0,2.0,Jackson Heights
2013-14,Q146,27Q146,Q146,P.S. 146 Howard Beach,0.0,0.0,1.0,0.0,0.0,Lindenwood-Howard Beach
2013-14,Q147,29Q147,Q147,PS/MS 147 Ronald McNair,0.0,3.0,1.0,1.0,2.0,Cambria Heights
2013-14,Q149,30Q149,Q149,P.S. 149 Christa Mcauliffe,0.0,0.0,1.0,0.0,0.0,Jackson Heights
2013-14,Q150,30Q150,Q150,P.S. 150 Queens,0.0,2.0,0.0,2.0,0.0,Hunters Point-Sunnyside-West Maspeth
2013-14,Q151,30Q151,Q151,P.S. 151 Mary D. Carter,0.0,0.0,2.0,0.0,0.0,Astoria
2013-14,Q152,30Q152,Q152,P.S. 152 Gwendoline N. Alleyne School,1.0,1.0,0.0,2.0,0.0,Woodside
2013-14,Q153,24Q153,Q153,P.S. 153 Maspeth Elem,0.0,0.0,2.0,0.0,0.0,Maspeth
2013-14,Q154,25Q154,Q154,P.S. 154 Queens,0.0,1.0,0.0,1.0,0.0,Kew Gardens Hills
2013-14,Q156,0,0,229-02 137 AVENUE CONSOLIDATED LOCATION,0.0,3.0,2.0,1.0,2.0,Laurelton
2013-14,Q157,28Q157,Q157,J.H.S. 157 Stephen A. Halsey,0.0,0.0,2.0,0.0,0.0,Forest Hills
2013-14,Q158,26Q158,Q158,M.S. 158 Marie Curie,1.0,1.0,1.0,1.0,1.0,Bayside-Bayside Hills
2013-14,Q160,28Q160,Q160,P.S. 160 Walter Francis Bishop,0.0,0.0,2.0,0.0,0.0,South Jamaica
2013-14,Q164,25Q164,Q164,P.S. 164 Queens Valley,0.0,2.0,0.0,0.0,1.0,Kew Gardens Hills
2013-14,Q165,25Q165,Q165,P.S. 165 Edith K. Bergtraum,0.0,1.0,3.0,1.0,0.0,Kew Gardens Hills
2013-14,Q168,0,0,158-40 76 ROAD CONSOLIDATED LOCATION,0.0,2.0,2.0,0.0,2.0,Kew Gardens Hills
2013-14,Q171,30Q171,Q171,P.S. 171 Peter G. Van Alst,0.0,1.0,1.0,0.0,0.0,Old Astoria
2013-14,Q172,26Q172,Q172,Irwin Altman Middle School 172,0.0,3.0,2.0,2.0,1.0,Glen Oaks-Floral Park-New Hyde Park
2013-14,Q175,28Q175,Q175,P.S. 175 The Lynn Gross Discovery School,0.0,0.0,1.0,0.0,0.0,Forest Hills
2013-14,Q177,75Q177,Q177,P.S. Q177,0.0,0.0,1.0,0.0,0.0,Auburndale
2013-14,Q180,27Q323,Q323,Scholars' Academy,1.0,1.0,0.0,2.0,0.0,Breezy Point-Belle Harbor-Rockaway Park-Broad Channel
2013-14,Q183,27Q183,Q183,P.S. 183 Dr. Richard R. Green,1.0,0.0,2.0,0.0,1.0,Hammels-Arverne-Edgemere
2013-14,Q185,25Q185,Q185,J.H.S. 185 Edward Bleeker,0.0,1.0,3.0,1.0,0.0,Murray Hill
2013-14,Q189,0,0,144-80 BARCLAY AVENUE CONSOLIDATED LOCATION,0.0,1.0,2.0,1.0,0.0,Murray Hill
2013-14,Q190,28Q190,Q190,J.H.S. 190 Russell Sage,0.0,3.0,4.0,1.0,0.0,Forest Hills
2013-14,Q191,0,0,85-15 258 STREET CONSOLIDATED LOCATION,0.0,0.0,1.0,0.0,0.0,Glen Oaks-Floral Park-New Hyde Park
2013-14,Q192,0,0,109-89 204 STREET CONSOLIDATED LOCATION,4.0,7.0,7.0,4.0,5.0,Hollis
2013-14,Q194,25Q194,Q194,J.H.S. 194 William Carr,0.0,1.0,1.0,1.0,0.0,Whitestone
2013-14,Q197,27Q197,Q197,P.S. 197 The Ocean School,0.0,0.0,2.0,0.0,0.0,Far Rockaway-Bayswater
2013-14,Q199,24Q199,Q199,P.S. 199 Maurice A. Fitzgerald,0.0,1.0,1.0,1.0,0.0,Hunters Point-Sunnyside-West Maspeth
2013-14,Q201,25Q201,Q201,P.S. 201 The Discovery School for Inquiry and Rese,0.0,0.0,1.0,0.0,0.0,Pomonok-Flushing Heights-Hillcrest
2013-14,Q202,0,0,138-30 LAFAYETTE STREET CONSOLIDATED LOCATION,0.0,7.0,7.0,1.0,1.0,Ozone Park
2013-14,Q204,0,0,36-41 28 STREET CONSOLIDATED LOCATION,0.0,3.0,8.0,2.0,1.0,Queensbridge-Ravenswood-Long Island City
2013-14,Q205,26Q205,Q205,P.S. 205 Alexander Graham Bell,0.0,0.0,1.0,0.0,0.0,Oakland Gardens
2013-14,Q206,28Q206,Q206,P.S. 206 The Horace Harding School,0.0,1.0,0.0,0.0,1.0,Rego Park
2013-14,Q207,27Q207,Q207,P.S. 207 Rockwood Park,1.0,0.0,0.0,1.0,0.0,Lindenwood-Howard Beach
2013-14,Q208,29Q208,Q208,P.S. / I.S. 208,0.0,2.0,0.0,0.0,2.0,Bellerose
2013-14,Q210,27Q210,Q210,J.H.S. 210 Elizabeth Blackwell,0.0,4.0,3.0,3.0,0.0,Woodhaven
2013-14,Q213,26Q213,Q213,P.S. 213 The Carl Ullman School,0.0,0.0,1.0,0.0,0.0,Oakland Gardens
2013-14,Q214,25Q214,Q214,P.S. 214 Cadwallader Colden,1.0,2.0,1.0,3.0,0.0,Flushing
2013-14,Q215,0,0,535 BRIAR PLACE CONSOLIDATED LOCATION,0.0,0.0,2.0,0.0,0.0,Far Rockaway-Bayswater
2013-14,Q216,26Q216,Q216,J.H.S. 216 George J. Ryan,0.0,1.0,1.0,1.0,0.0,Fresh Meadows-Utopia
2013-14,Q217,28Q217,Q217,J.H.S. 217 Robert A. Van Wyck,2.0,7.0,4.0,4.0,2.0,Briarwood-Jamaica Hills
2013-14,Q219,25Q219,Q219,P.S. 219 Paul Klapper,0.0,1.0,2.0,0.0,1.0,Kew Gardens Hills
2013-14,Q225,0,0,190 BEACH 110 STREET CONSOLIDATED LOCATION,0.0,0.0,3.0,0.0,0.0,Breezy Point-Belle Harbor-Rockaway Park-Broad Channel
2013-14,Q238,29Q238,Q238,I.S. 238 - Susan B. Anthony Academy,0.0,4.0,3.0,0.0,3.0,Jamaica
2013-14,Q226,0,0,121-10 ROCKAWAY BOULEVARD CONSOLIDATED LOCATION,0.0,7.0,11.0,3.0,3.0,South Ozone Park
2013-14,Q227,30Q227,Q227,I.S. 227 Louis Armstrong,1.0,2.0,3.0,3.0,0.0,East Elmhurst
2013-14,Q229,24Q229,Q229,P.S. 229 Emanuel Kaplan,0.0,0.0,1.0,0.0,0.0,Maspeth
2013-14,Q230,30Q230,Q230,I.S. 230,0.0,4.0,1.0,3.0,0.0,Jackson Heights
2013-14,Q231,0,0,145-00 SPRINGFIELD BOULEVARD CONSOLIDATED LOCATION,4.0,6.0,3.0,9.0,1.0,Springfield Gardens South-Brookville
2013-14,Q234,0,0,30-14 30 STREET CONSOLIDATED LOCATION,0.0,1.0,2.0,0.0,1.0,Old Astoria
2013-14,Q237,0,0,46-21 COLDEN STREET CONSOLIDATED LOCATION,0.0,1.0,0.0,0.0,1.0,Flushing
2013-14,Q247,24Q128,Q128,"P.S. 128 The Lorraine Tuzzo, Juniper Valley Elemen",0.0,1.0,0.0,1.0,0.0,Middle Village
2013-14,Q260,24Q307,Q307,Pioneer Academy,1.0,1.0,0.0,2.0,0.0,North Corona
2013-14,Q263,29Q295,Q295,P.S./I.S. 295,0.0,0.0,1.0,0.0,0.0,Queens Village
2013-14,Q266,26Q266,Q266,P.S. / I.S. 266,0.0,0.0,1.0,0.0,0.0,Bellerose
2013-14,Q268,29Q268,Q268,PS/IS 268,0.0,0.0,1.0,0.0,0.0,Jamaica
2013-14,Q270,29Q270,Q270,The Gordon Parks School,0.0,1.0,2.0,0.0,1.0,Laurelton
2013-14,Q276,28Q048,Q048,P.S. 048 William Wordsworth,0.0,0.0,1.0,0.0,0.0,South Jamaica
2013-14,Q277,28Q182,Q182,P.S. 182 Samantha Smith,0.0,0.0,2.0,0.0,0.0,Briarwood-Jamaica Hills
2013-14,Q329,30Q329,Q329,East Elmhurst Community School,0.0,0.0,1.0,0.0,0.0,East Elmhurst
2013-14,Q400,0,0,156-10 BAISLEY BOULEVARD CONSOLIDATED LOCATION,5.0,9.0,9.0,4.0,8.0,Springfield Gardens North
2013-14,Q404,0,0,1-50 51ST AVENUE CONSOLIDATED LOCATION,1.0,2.0,2.0,3.0,0.0,Hunters Point-Sunnyside-West Maspeth
2013-14,Q405,26Q495,Q495,Bayside High School,3.0,11.0,11.0,9.0,4.0,Bayside-Bayside Hills
2013-14,Q451,30Q575,Q575,Academy of American Studies,0.0,0.0,2.0,0.0,0.0,Queensbridge-Ravenswood-Long Island City
2013-14,Q410,0,0,100-00 BEACH CHANNEL DRIVE CONSOLIDATED LOCATION,4.0,11.0,20.0,9.0,5.0,Breezy Point-Belle Harbor-Rockaway Park-Broad Channel
2013-14,Q415,26Q415,Q415,Benjamin N. Cardozo High School,8.0,16.0,12.0,16.0,5.0,Oakland Gardens
2013-14,Q420,0,0,143-10 SPRINGFIELD BOULEVARD CONSOLIDATED LOCATION,0.0,4.0,15.0,2.0,1.0,Springfield Gardens North
2013-14,Q425,25Q425,Q425,John Bowne High School,2.0,9.0,32.0,6.0,3.0,Kew Gardens Hills
2013-14,Q430,26Q430,Q430,Francis Lewis High School,3.0,3.0,4.0,4.0,2.0,Auburndale
2013-14,Q435,26Q435,Q435,Martin Van Buren High School,2.0,11.0,26.0,7.0,5.0,Bellerose
2013-14,Q440,28Q440,Q440,Forest Hills High School,0.0,9.0,10.0,6.0,0.0,Forest Hills
2013-14,Q445,30Q445,Q445,William Cullen Bryant High School,1.0,12.0,9.0,7.0,4.0,Astoria
2013-14,Q450,30Q555,Q555,Newcomers High School,0.0,2.0,3.0,2.0,0.0,Queensbridge-Ravenswood-Long Island City
2013-14,Q452,30Q450,Q450,Long Island City High School,0.0,5.0,14.0,2.0,1.0,Astoria
2013-14,Q455,0,0,48-01 90 STREET CONSOLIDATED LOCATION,0.0,4.0,9.0,3.0,1.0,Elmhurst
2013-14,Q456,0,0,105-25 HORACE HARDING EXPY N CONSOLIDATED LOCATION,0.0,4.0,8.0,2.0,0.0,Corona
2013-14,Q460,0,0,35-01 UNION STREET CONSOLIDATED LOCATION,3.0,15.0,18.0,11.0,5.0,Flushing
2013-14,Q465,0,0,8-21 BAY 25 STREET CONSOLIDATED LOCATION,1.0,10.0,6.0,4.0,4.0,Far Rockaway-Bayswater
2013-14,Q585,24Q585,Q585,Maspeth High School,0.0,5.0,2.0,3.0,2.0,Maspeth
2013-14,Q470,0,0,167-01 GOTHIC DRIVE CONSOLIDATED LOCATION,0.0,8.0,9.0,5.0,3.0,Briarwood-Jamaica Hills
2013-14,Q475,0,0,89-30 114 STREET|94-25 117 Street|CONSOLIDATED LOCATION,4.0,13.0,23.0,6.0,7.0,
2013-14,Q600,24Q600,Q600,Queens Vocational and Technical High School,0.0,6.0,6.0,4.0,1.0,Hunters Point-Sunnyside-West Maspeth
2013-14,Q480,0,0,101-01 ROCKAWAY BOULEVARD CONSOLIDATED LOCATION,3.0,10.0,20.0,2.0,10.0,South Ozone Park
2013-14,Q485,24Q485,Q485,Grover Cleveland High School,2.0,3.0,22.0,0.0,5.0,Ridgewood
2013-14,R007,31R007,R007,I.S. 007 Elias Bernstein,0.0,4.0,10.0,1.0,3.0,Annadale-Huguenot-Prince's Bay-Eltingville
2013-14,Q490,0,0,207- 01 116TH  AVENUE CONSOLIDATED LOCATION,2.0,4.0,12.0,3.0,3.0,Cambria Heights
2013-14,Q505,28Q505,Q505,Hillcrest High School,2.0,6.0,12.0,3.0,5.0,Briarwood-Jamaica Hills
2013-14,Q515,25Q525,Q525,Townsend Harris High School,0.0,1.0,0.0,1.0,0.0,Kew Gardens Hills
2013-14,Q520,0,0,45-35 VAN DAM STREET CONSOLIDATED LOCATION,0.0,0.0,1.0,0.0,0.0,Hunters Point-Sunnyside-West Maspeth
2013-14,Q566,26Q566,Q566,"Queens High School of Teaching, Liberal Arts and t",3.0,1.0,3.0,0.0,4.0,Bellerose
2013-14,Q595,28Q338,Q338,Queens Satellite High School for Opportunity,1.0,0.0,1.0,0.0,1.0,Jamaica
2013-14,Q610,24Q610,Q610,Aviation Career & Technical Education High School,0.0,4.0,6.0,3.0,0.0,Hunters Point-Sunnyside-West Maspeth
2013-14,Q620,28Q620,Q620,Thomas A. Edison Career and Technical Education Hi,5.0,5.0,7.0,3.0,6.0,Briarwood-Jamaica Hills
2013-14,Q633,29Q327,Q327,Eagle Academy for Young Men III,0.0,1.0,1.0,0.0,1.0,St. Albans
2013-14,Q650,27Q650,Q650,"High School for Construction Trades, Engineering a",1.0,3.0,2.0,4.0,0.0,Richmond Hill
2013-14,Q680,28Q896,Q896,"Young Women's Leadership School, Queens",0.0,0.0,1.0,0.0,0.0,Briarwood-Jamaica Hills
2013-14,Q686,0,0,91-30 METROPOLITAN AVENUE CONSOLIDATED LOCATION,0.0,2.0,3.0,2.0,0.0,Forest Hills
2013-14,Q690,28Q690,Q690,High School for Law Enforcement and Public Safety,3.0,7.0,8.0,5.0,4.0,Baisley Park
2013-14,Q707,25Q670,Q670,Robert F. Kennedy Community High School,0.0,4.0,2.0,2.0,1.0,Kew Gardens Hills
2013-14,Q722,75Q721,Q721,John F. Kennedy Jr. School,0.0,1.0,0.0,1.0,0.0,Elmhurst
2013-14,Q725,30Q502,Q502,Information Technology High School,0.0,7.0,5.0,5.0,2.0,Hunters Point-Sunnyside-West Maspeth
2013-14,Q733,0,0,90-01 SUTPHIN BOULEVARD CONSOLIDATED LOCATION,0.0,2.0,0.0,1.0,1.0,Jamaica
2013-14,R005,31R005,R005,P.S. 005 Huguenot,0.0,2.0,1.0,2.0,0.0,Annadale-Huguenot-Prince's Bay-Eltingville
2013-14,Q735,0,0,30-20 THOMSON AVENUE CONSOLIDATED LOCATION,0.0,3.0,4.0,2.0,1.0,Hunters Point-Sunnyside-West Maspeth
2013-14,Q744,0,0,45-10 94TH STREET CONSOLIDATED LOCATION,0.0,4.0,4.0,4.0,0.0,Elmhurst
2013-14,Q774,28Q687,Q687,Queens High School for the Sciences at York Colleg,0.0,1.0,1.0,0.0,0.0,Jamaica
2013-14,Q792,25Q792,Q792,North Queens Community High School,0.0,3.0,2.0,2.0,1.0,Kew Gardens Hills
2013-14,Q799,29Q326,Q326,Cambria Heights Academy,0.0,1.0,1.0,1.0,0.0,Jamaica
2013-14,Q811,75Q811,Q811,P.S. Q811,0.0,1.0,1.0,1.0,0.0,Douglas Manor-Douglaston-Little Neck
2013-14,Q849,24Q077,Q077,I.S. 077,0.0,2.0,1.0,1.0,1.0,Ridgewood
2013-14,Q877,24Q877,Q877,The 51 Avenue Academy (The Path To Academic Excell,0.0,0.0,1.0,0.0,0.0,Elmhurst-Maspeth
2013-14,QAZJ,75Q404,QHOS,Hospital Schools - Queens,0.0,0.0,2.0,0.0,0.0,Glen Oaks-Floral Park-New Hyde Park
2013-14,R001,31R001,R001,P.S. 001 Tottenville,0.0,0.0,1.0,0.0,0.0,Charleston-Richmond Valley-Tottenville
2013-14,R002,31R002,R002,I.S. R002 George L. Egbert,0.0,2.0,6.0,0.0,2.0,New Dorp-Midland Beach
2013-14,R003,31R003,R003,P.S. 003 The Margaret Gioiosa School,0.0,0.0,2.0,0.0,0.0,Annadale-Huguenot-Prince's Bay-Eltingville
2013-14,R004,31R004,R004,P.S. 004 Maurice Wollin,0.0,0.0,1.0,0.0,0.0,Arden Heights
2013-14,R006,31R006,R006,P.S. 6 Corporal Allan F. Kivlehan School,0.0,0.0,1.0,0.0,0.0,Charleston-Richmond Valley-Tottenville
2013-14,R008,31R008,R008,P.S. 8 Shirlee Solomon,0.0,0.0,1.0,0.0,0.0,Great Kills
2013-14,R011,31R011,R011,P.S. 11 Thomas Dongan School,0.0,2.0,2.0,2.0,0.0,Old Town-Dongan Hills-South Beach
2013-14,R013,31R013,R013,P.S. 013 M. L. Lindemeyer,0.0,0.0,2.0,0.0,0.0,Stapleton-Rosebank
2013-14,R014,0,0,100 TOMPKINS AVENUE CONSOLIDATED LOCATION,0.0,1.0,2.0,0.0,0.0,Stapleton-Rosebank
2013-14,R016,31R016,R016,P.S. 016 John J. Driscoll,1.0,2.0,0.0,2.0,1.0,West New Brighton-New Brighton-St. George
2013-14,R018,31R018,R018,P.S. 018 John G. Whittier,1.0,1.0,1.0,1.0,1.0,New Brighton-Silver Lake
2013-14,R019,31R019,R019,P.S. 019 The Curtis School,0.0,0.0,1.0,0.0,0.0,West New Brighton-New Brighton-St. George
2013-14,R020,31R020,R020,P.S. 020 Port Richmond,1.0,0.0,2.0,1.0,0.0,Port Richmond
2013-14,R022,31R022,R022,P.S. 022 Graniteville,0.0,1.0,1.0,1.0,0.0,Mariner's Harbor-Arlington-Port Ivory-Graniteville
2013-14,R024,31R024,R024,I.S. 024 Myra S. Barnes,0.0,0.0,8.0,0.0,0.0,Great Kills
2013-14,R026,31R026,R026,P.S. 026 The Carteret School,0.0,1.0,0.0,1.0,0.0,New Springville-Bloomfield-Travis
2013-14,R027,31R027,R027,I.S. 027 Anning S. Prall,1.0,11.0,12.0,7.0,2.0,West New Brighton-New Brighton-St. George
2013-14,R030,31R030,R030,P.S. 030 Westerleigh,0.0,1.0,0.0,0.0,1.0,Westerleigh
2013-14,R031,31R031,R031,P.S. 031 William T. Davis,0.0,0.0,1.0,0.0,0.0,West New Brighton-New Brighton-St. George
2013-14,R038,31R038,R038,P.S. 038 George Cromwell,0.0,1.0,0.0,1.0,0.0,New Dorp-Midland Beach
2013-14,R039,31R039,R039,P.S. 39 Francis J. Murphy Jr.,1.0,1.0,1.0,2.0,0.0,Grasmere-Arrochar-Ft. Wadsworth
2013-14,R040,0,0,91 HENDERSON AVENUE CONSOLIDATED LOCATION,0.0,1.0,1.0,0.0,0.0,West New Brighton-New Brighton-St. George
2013-14,R041,31R041,R041,P.S. 041 New Dorp,0.0,1.0,4.0,1.0,0.0,New Dorp-Midland Beach
2013-14,R042,31R042,R042,P.S. 042 Eltingville,1.0,1.0,0.0,2.0,0.0,Annadale-Huguenot-Prince's Bay-Eltingville
2013-14,R043,0,0,100 ESSEX DRIVE CONSOLIDATED LOCATION,0.0,3.0,11.0,3.0,0.0,Todt Hill-Emerson Hill-Heartland Village-Lighthouse Hill
2013-14,R044,31R044,R044,P.S. 044 Thomas C. Brown,0.0,2.0,1.0,1.0,1.0,Mariner's Harbor-Arlington-Port Ivory-Graniteville
2013-14,R045,31R045,R045,P.S. 045 John Tyler,0.0,1.0,1.0,1.0,0.0,New Brighton-Silver Lake
2013-14,R046,31R046,R046,P.S. 046 Albert V. Maniscalco,0.0,2.0,0.0,2.0,0.0,Grasmere-Arrochar-Ft. Wadsworth
2013-14,R048,31R009,R009,Naples Street Elementary School,0.0,1.0,0.0,1.0,0.0,Grasmere-Arrochar-Ft. Wadsworth
2013-14,R049,31R049,R049,I.S. 49 Berta A. Dreyfus,1.0,4.0,9.0,1.0,4.0,Stapleton-Rosebank
2013-14,R051,31R051,R051,I.S. 051 Edwin Markham,1.0,5.0,6.0,2.0,2.0,Port Richmond
2013-14,R053,31R053,R053,P.S. 053 Bay Terrace,0.0,0.0,1.0,0.0,0.0,Great Kills
2013-14,R054,31R054,R054,P.S. 054 Charles W. Leng,0.0,1.0,0.0,1.0,0.0,New Springville-Bloomfield-Travis
2013-14,R055,31R055,R055,P.S. 055 Henry M. Boehm,0.0,0.0,1.0,0.0,0.0,Annadale-Huguenot-Prince's Bay-Eltingville
2013-14,R057,31R057,R057,P.S. 057 Hubert H. Humphrey,0.0,0.0,1.0,0.0,0.0,Grymes Hill-Clifton-Fox Hills
2013-14,R058,31R058,R058,Space Shuttle Columbia School,0.0,0.0,1.0,0.0,0.0,Todt Hill-Emerson Hill-Heartland Village-Lighthouse Hill
2013-14,R060,31R060,R060,P.S. 060 Alice Austen,1.0,0.0,1.0,1.0,0.0,New Springville-Bloomfield-Travis
2013-14,R061,31R061,R061,I.S. 061 William A Morris,1.0,9.0,7.0,6.0,2.0,New Brighton-Silver Lake
2013-14,R071,31R048,R048,P.S. 048 William C. Wilcox,0.0,0.0,1.0,0.0,0.0,Grasmere-Arrochar-Ft. Wadsworth
2013-14,R072,31R072,R072,I.S. 072 Rocco Laurie,0.0,1.0,3.0,1.0,0.0,Todt Hill-Emerson Hill-Heartland Village-Lighthouse Hill
2013-14,R075,31R075,R075,I.S. 075 Frank D. Paulo,0.0,1.0,0.0,0.0,0.0,Arden Heights
2013-14,R435,0,0,465 NEW DORP LANE CONSOLIDATED LOCATION,0.0,14.0,26.0,9.0,4.0,New Dorp-Midland Beach
2013-14,R445,31R445,R445,Port Richmond High School,0.0,19.0,34.0,9.0,8.0,Port Richmond
2013-14,R450,31R450,R450,Curtis High School,5.0,26.0,37.0,15.0,12.0,West New Brighton-New Brighton-St. George
2013-14,R455,0,0,100 LUTEN AVENUE CONSOLIDATED LOCATION,1.0,12.0,13.0,7.0,6.0,Annadale-Huguenot-Prince's Bay-Eltingville
2013-14,R460,31R460,R460,Susan E. Wagner High School,3.0,12.0,36.0,9.0,2.0,Todt Hill-Emerson Hill-Heartland Village-Lighthouse Hill
2013-14,R470,31R470,R470,Concord High School,0.0,1.0,0.0,1.0,0.0,Grymes Hill-Clifton-Fox Hills
2013-14,R600,31R600,R600,Ralph R. McKee Career and Technical Education High,0.0,8.0,15.0,1.0,3.0,West New Brighton-New Brighton-St. George
2013-14,R722,75R721,R721,THE RICHARD H. HUNGERFORD SCHOOL,0.0,3.0,2.0,1.0,2.0,Stapleton-Rosebank
2013-14,R825,0,0,6581 HYLAN BOULEVARD  CONSOLIDATED LOCATION,2.0,7.0,45.0,1.0,7.0,Annadale-Huguenot-Prince's Bay-Eltingville
2013-14,R829,31R065,R065,P.S. 65 The Academy of Innovative Learning,0.0,1.0,0.0,0.0,0.0,Stapleton-Rosebank
2013-14,R831,31R074,R074,P.S. 74 FUTURE LEADERS ELEMENTARY SCHOOL,0.0,2.0,1.0,1.0,1.0,West New Brighton-New Brighton-St. George
2013-14,R840,75R037,R037,P.S. R037,0.0,0.0,1.0,0.0,0.0,Great Kills
2013-14,R861,31R861,R861,Staten Island School of Civic Leadership,0.0,0.0,1.0,0.0,0.0,Mariner's Harbor-Arlington-Port Ivory-Graniteville
2013-14,R880,31R080,R080,The Michael J. Petrides School,0.0,3.0,7.0,1.0,1.0,Todt Hill-Emerson Hill-Heartland Village-Lighthouse Hill
2013-14,X001,07X001,X001,P.S. 001 Courtlandt School,0.0,1.0,0.0,0.0,1.0,Melrose South-Mott Haven North
2013-14,X002,0,0,1363 FULTON AVENUE CONSOLIDATED LOCATION,2.0,4.0,6.0,2.0,1.0,Claremont-Bathgate
2013-14,X003,10X003,X003,P.S. 3 Raul Julia Micro Society,0.0,2.0,2.0,1.0,0.0,East Tremont
2013-14,X004,0,0,1701 FULTON AVENUE CONSOLIDATED LOCATION,2.0,1.0,3.0,1.0,1.0,Claremont-Bathgate
2013-14,X005,07X005,X005,PS 5 Port Morris,0.0,0.0,1.0,0.0,0.0,Melrose South-Mott Haven North
2013-14,X006,12X006,X006,P.S. 006 West Farms,0.0,2.0,0.0,2.0,0.0,East Tremont
2013-14,X007,10X007,X007,P.S. 007 Kingsbridge,0.0,0.0,1.0,0.0,0.0,Spuyten Duyvil-Kingsbridge
2013-14,X008,10X008,X008,P.S. 008 Issac Varian,0.0,2.0,2.0,2.0,0.0,Bedford Park-Fordham North
2013-14,X011,09X011,X011,P.S. 011 Highbridge,0.0,0.0,1.0,0.0,0.0,Highbridge
2013-14,X012,75X012,X012,P.S. X012 Lewis and Clark School,3.0,7.0,10.0,4.0,6.0,Van Nest-Morris Park-Westchester Square
2013-14,X014,08X014,X014,P.S. X014 Senator John Calandra,0.0,1.0,1.0,1.0,0.0,Schuylerville-Throgs Neck-Edgewater Park
2013-14,X015,0,0,2195 ANDREWS AVENUE CONSOLIDATED LOCATION,0.0,3.0,1.0,0.0,1.0,Kingsbridge Heights
2013-14,X016,11X016,X016,P.S. 016 Wakefield,1.0,0.0,1.0,0.0,1.0,Woodlawn-Wakefield
2013-14,X018,07X018,X018,P.S. 018 John Peter Zenger,0.0,0.0,1.0,0.0,0.0,Mott Haven-Port Morris
2013-14,X019,11X019,X019,P.S. 019 Judith K. Weiss,0.0,0.0,1.0,0.0,0.0,Woodlawn-Wakefield
2013-14,X020,10X020,X020,"PS/MS 20 P.O.George J. Werdann, III",0.0,1.0,0.0,1.0,0.0,Norwood
2013-14,X022,0,0,270 EAST 167 STREET CONSOLIDATED LOCATION,4.0,16.0,28.0,12.0,6.0,East Concourse-Concourse Village
2013-14,X024,10X024,X024,P.S. 024 Spuyten Duyvil,0.0,1.0,0.0,0.0,1.0,North Riverdale-Fieldston-Riverdale
2013-14,X026,0,0,1930 ANDREWS AVENUE CONSOLIDATED LOCATION,1.0,4.0,4.0,2.0,2.0,University Heights-Morris Heights
2013-14,X027,07X277,X277,P.S. 277,1.0,3.0,1.0,4.0,0.0,Mott Haven-Port Morris
2013-14,X029,07X029,X029,P.S./M.S. 029 Melrose School,0.0,1.0,1.0,0.0,0.0,Melrose South-Mott Haven North
2013-14,X030,07X030,X030,P.S. 030 Wilton,0.0,1.0,0.0,1.0,0.0,Mott Haven-Port Morris
2013-14,X033,10X033,X033,P.S. 033 Timothy Dwight,0.0,1.0,1.0,0.0,1.0,Fordham South
2013-14,X035,09X035,X035,P.S. 035 Franz Siegel,0.0,1.0,0.0,1.0,0.0,East Concourse-Concourse Village
2013-14,X037,10X037,X037,P.S. X037 - Multiple Intelligence School,0.0,3.0,3.0,0.0,2.0,Spuyten Duyvil-Kingsbridge
2013-14,X039,0,0,965 LONGWOOD AVENUE CONSOLIDATED LOCATION,2.0,6.0,16.0,6.0,1.0,Longwood
2013-14,X040,0,0,468 EAST 140 STREET CONSOLIDATED LOCATION,1.0,3.0,1.0,4.0,0.0,Mott Haven-Port Morris
2013-14,X041,11X041,X041,P.S. 041 Gun Hill Road,1.0,0.0,1.0,1.0,0.0,Williamsbridge-Olinville
2013-14,X042,09X042,X042,P.S. 042 Claremont,0.0,0.0,1.0,0.0,0.0,Claremont-Bathgate
2013-14,X043,07X043,X043,P.S. 043 Jonas Bronck,0.0,1.0,3.0,1.0,0.0,Mott Haven-Port Morris
2013-14,X044,0,0,1825 PROSPECT AVENUE CONSOLIDATED LOCATION,1.0,4.0,4.0,3.0,0.0,East Tremont
2013-14,X045,10X045,X045,Thomas C. Giordano Middle School 45,0.0,2.0,5.0,0.0,2.0,Belmont
2013-14,X047,12X047,X047,P.S. 047 John Randolph,1.0,1.0,1.0,2.0,0.0,West Farms-Bronx River
2013-14,X048,08X048,X048,P.S. 048 Joseph R. Drake,1.0,1.0,2.0,1.0,1.0,Hunts Point
2013-14,X049,0,0,383 EAST 139 STREET CONSOLIDATED LOCATION,1.0,1.0,0.0,0.0,2.0,Mott Haven-Port Morris
2013-14,X050,0,0,1550 VYSE AVENUE CONSOLIDATED LOCATION,0.0,0.0,1.0,0.0,0.0,Crotona Park East
2013-14,X052,0,0,681 KELLY STREET CONSOLIDATED LOCATION ,0.0,4.0,0.0,2.0,0.0,Longwood
2013-14,X053,09X053,X053,P.S. 053 Basheer Quisim,1.0,4.0,4.0,3.0,1.0,East Concourse-Concourse Village
2013-14,X054,10X054,X054,P.S. / I.S. 54,0.0,1.0,2.0,1.0,0.0,Bedford Park-Fordham North
2013-14,X055,0,0,450 SAINT PAUL'S PLACE  CONSOLIDATED LOCATION,0.0,2.0,0.0,2.0,0.0,Claremont-Bathgate
2013-14,X056,10X056,X056,P.S. 056 Norwood Heights,0.0,0.0,1.0,0.0,0.0,Norwood
2013-14,X057,0,0,2111 CROTONA AVENUE CONSOLIDATED LOCATION,0.0,0.0,1.0,0.0,0.0,East Tremont
2013-14,X059,10X059,X059,P.S. 059 The Community School of Technology,0.0,1.0,0.0,1.0,0.0,Claremont-Bathgate
2013-14,X060,0,0,888 REV J A POLITE AVE CONSOLIDATED LOCATION,0.0,0.0,1.0,0.0,0.0,Longwood
2013-14,X061,0,0,1550 CROTONA PARK EAST CONSOLIDATED LOCATION,0.0,2.0,3.0,1.0,0.0,Crotona Park East
2013-14,X062,08X062,X062,P.S. 062 Inocensio Casanova,0.0,2.0,1.0,1.0,0.0,Longwood
2013-14,X063,09X063,X063,P.S. 063 Author's Academy,0.0,2.0,1.0,1.0,1.0,Morrisania-Melrose
2013-14,X064,0,0,1425 WALTON AVENUE CONSOLIDATED LOCATION,0.0,0.0,3.0,0.0,0.0,West Concourse
2013-14,X091,10X091,X091,P.S. 091 Bronx,0.0,0.0,3.0,0.0,0.0,University Heights-Morris Heights
2013-14,X092,12X092,X092,P.S. 092 Bronx,0.0,1.0,0.0,1.0,0.0,East Tremont
2013-14,X065,0,0,677 EAST 141 STREET CONSOLIDATED LOCATION,0.0,2.0,0.0,1.0,1.0,Mott Haven-Port Morris
2013-14,X066,0,0,1001 JENNINGS STREET CONSOLIDATED LOCATION,0.0,4.0,3.0,1.0,2.0,Crotona Park East
2013-14,X067,0,0,2024 MOHEGAN AVENUE CONSOLIDATED LOCATION,2.0,2.0,6.0,4.0,0.0,East Tremont
2013-14,X068,11X068,X068,P.S. 068 Bronx,0.0,1.0,3.0,1.0,0.0,Woodlawn-Wakefield
2013-14,X069,08X069,X069,P.S. 069 Journey Prep School,0.0,1.0,0.0,1.0,0.0,Soundview-Castle Hill-Clason Point-Harding Park
2013-14,X070,09X070,X070,P.S. 070 Max Schoenfeld,1.0,0.0,0.0,1.0,0.0,Mount Hope
2013-14,X071,08X071,X071,P.S. 071 Rose E. Scala,2.0,0.0,2.0,2.0,0.0,Pelham Bay-Country Club-City Island
2013-14,X072,08X072,X072,P.S. 072 Dr. William Dorney,0.0,1.0,0.0,1.0,0.0,Schuylerville-Throgs Neck-Edgewater Park
2013-14,X073,09X073,X073,P.S. 073 Bronx,0.0,1.0,0.0,1.0,0.0,Highbridge
2013-14,X074,0,0,730 BRYANT AVENUE CONSOLIDATED LOCATION ,1.0,7.0,2.0,2.0,4.0,Hunts Point
2013-14,X075,08X075,X075,P.S. 75 School of Research and Discovery,0.0,2.0,1.0,1.0,1.0,Hunts Point
2013-14,X076,11X076,X076,P.S. 076 The Bennington School,1.0,2.0,3.0,2.0,1.0,Allerton-Pelham Gardens
2013-14,X077,0,0,1250 WARD AVENUE CONSOLIDATED LOCATION,1.0,2.0,5.0,3.0,0.0,West Farms-Bronx River
2013-14,X078,11X078,X078,P.S. 078 Anne Hutchinson,1.0,1.0,2.0,2.0,0.0,Eastchester-Edenwald-Baychester
2013-14,X079,0,0,125 EAST 181 STREET CONSOLIDATED LOCATION,0.0,3.0,0.0,1.0,2.0,Fordham South
2013-14,X106,11X106,X106,P.S. 106 Parkchester,0.0,0.0,2.0,0.0,0.0,Parkchester
2013-14,X080,0,0,3202 STEUBEN AVENUE CONSOLIDATED LOCATION,5.0,5.0,10.0,1.0,9.0,Norwood
2013-14,X081,10X081,X081,P.S. 081 Robert J. Christen,1.0,0.0,0.0,1.0,0.0,North Riverdale-Fieldston-Riverdale
2013-14,X082,0,0,1700 MACOMBS ROAD CONSOLIDATED LOCATION,0.0,4.0,2.0,1.0,3.0,University Heights-Morris Heights
2013-14,X083,11X083,X083,P.S. 083 Donald Hertz,0.0,1.0,2.0,0.0,1.0,Van Nest-Morris Park-Westchester Square
2013-14,X084,75X811,X811,P.S. X811,1.0,1.0,0.0,2.0,0.0,Crotona Park East
2013-14,X086,10X086,X086,P.S. 086 Kingsbridge Heights,0.0,1.0,0.0,0.0,1.0,Van Cortlandt Village
2013-14,X089,11X089,X089,P.S. 089 Bronx,1.0,0.0,4.0,1.0,0.0,Bronxdale
2013-14,X090,0,0,1116 SHERIDAN AVENUE CONSOLIDATED LOCATION,0.0,3.0,3.0,0.0,0.0,East Concourse-Concourse Village
2013-14,X093,0,0,1535 STORY AVENUE CONSOLIDATED LOCATION,1.0,0.0,0.0,1.0,0.0,Soundview-Castle Hill-Clason Point-Harding Park
2013-14,X094,10X094,X094,P.S. 094 Kings College School,0.0,1.0,1.0,1.0,0.0,Norwood
2013-14,X095,0,0,3961 HILLMAN AVENUE CONSOLIDATED LOCATION,0.0,2.0,3.0,1.0,0.0,Van Cortlandt Village
2013-14,X097,11X097,X097,P.S. 097 Bronx,0.0,0.0,1.0,0.0,0.0,Allerton-Pelham Gardens
2013-14,X098,0,0,1619 BOSTON ROAD CONSOLIDATED LOCATION,0.0,8.0,10.0,2.0,4.0,Crotona Park East
2013-14,X099,0,0,1180 REV. J.A. POLITE AVE. CONSOLIDATED LOCATION,1.0,4.0,17.0,3.0,2.0,Longwood
2013-14,X100,08X100,X100,P.S. 100 Isaac Clason,0.0,1.0,0.0,1.0,0.0,Soundview-Castle Hill-Clason Point-Harding Park
2013-14,X101,0,0,2750 LAFAYETTE AVENUE CONSOLIDATED LOCATION,0.0,0.0,1.0,0.0,0.0,Schuylerville-Throgs Neck-Edgewater Park
2013-14,X102,0,0,1827 ARCHER STREET CONSOLIDATED LOCATION,1.0,1.0,1.0,2.0,0.0,West Farms-Bronx River
2013-14,X103,11X103,X103,P.S. 103 Hector Fontanez,0.0,2.0,1.0,1.0,0.0,Williamsbridge-Olinville
2013-14,X104,09X199,X199,P.S. 199X - The Shakespeare School,0.0,0.0,2.0,0.0,0.0,Highbridge
2013-14,X105,11X105,X105,P.S. 105 Sen Abraham Bernstein,0.0,0.0,1.0,0.0,0.0,Pelham Parkway
2013-14,X108,11X108,X108,P.S. 108 Philip J. Abinanti,0.0,0.0,1.0,0.0,0.0,Pelham Parkway
2013-14,X109,09X109,X109,P.S. 109 Sedgwick,0.0,1.0,3.0,1.0,0.0,University Heights-Morris Heights
2013-14,X110,0,0,580 CROTONA PARK SOUTH CONSOLIDATED LOCATION,0.0,0.0,1.0,0.0,0.0,Morrisania-Melrose
2013-14,X111,11X111,X111,P.S. 111 Seton Falls,3.0,1.0,0.0,4.0,0.0,Eastchester-Edenwald-Baychester
2013-14,X112,11X112,X112,P.S. 112 Bronxwood,0.0,0.0,1.0,0.0,0.0,Eastchester-Edenwald-Baychester
2013-14,X113,0,0,3710 BARNES AVENUE CONSOLIDATED LOCATION,3.0,14.0,14.0,2.0,13.0,Williamsbridge-Olinville
2013-14,X114,09X114,X114,P.S. X114 - Luis Llorens Torres Schools,0.0,3.0,1.0,1.0,1.0,West Concourse
2013-14,X115,0,0,120 EAST 184 STREET CONSOLIDATED LOCATION,1.0,3.0,6.0,1.0,1.0,Fordham South
2013-14,X116,0,0,977 FOX STREET CONSOLIDATED LOCATION,2.0,3.0,9.0,2.0,3.0,Hunts Point
2013-14,X117,0,0,1865 MORRIS AVENUE CONSOLIDATED LOCATION,3.0,0.0,1.0,0.0,3.0,Mount Hope
2013-14,X118,10X118,X118,J.H.S. 118 William W. Niles,1.0,3.0,9.0,1.0,2.0,East Tremont
2013-14,X119,08X119,X119,P.S. 119,0.0,2.0,1.0,2.0,0.0,Soundview-Bruckner
2013-14,X120,08X301,X301,M.S. 301 Paul L. Dunbar,2.0,2.0,2.0,1.0,2.0,Morrisania-Melrose
2013-14,X121,11X121,X121,P.S. 121 Throop,1.0,0.0,2.0,1.0,0.0,Allerton-Pelham Gardens
2013-14,X123,0,0,1025 MORRISON AVENUE CONSOLIDATED LOCATION,3.0,5.0,9.0,2.0,6.0,Soundview-Bruckner
2013-14,X125,0,0,1111 PUGSLEY AVENUE CONSOLIDATED LOCATION,0.0,8.0,10.0,0.0,7.0,Soundview-Bruckner
2013-14,X126,09X126,X126,P.S. 126 Dr Marjorie H Dunbar,0.0,0.0,3.0,0.0,0.0,Highbridge
2013-14,X127,0,0,1560 PURDY STREET CONSOLIDATED LOCATION,0.0,3.0,2.0,0.0,1.0,Parkchester
2013-14,X129,0,0,2055 MAPES AVENUE CONSOLIDATED LOCATION,0.0,3.0,1.0,1.0,1.0,East Tremont
2013-14,X131,0,0,885 BOLTON AVENUE CONSOLIDATED LOCATION,1.0,9.0,18.0,2.0,2.0,Soundview-Castle Hill-Clason Point-Harding Park
2013-14,X134,12X134,X134,P.S. 134 George F. Bristow,0.0,1.0,0.0,1.0,0.0,Crotona Park East
2013-14,X135,0,0,2441 WALLACE AVENUE CONSOLIDATED LOCATION,2.0,3.0,7.0,2.0,2.0,Bronxdale
2013-14,X136,75X186,X186,P186X Walter J. Damrosch School,0.0,7.0,3.0,2.0,2.0,Morrisania-Melrose
2013-14,X137,0,0,2225 WEBSTER AVENUE CONSOLIDATED LOCATION,1.0,4.0,8.0,1.0,3.0,Mount Hope
2013-14,X138,08X138,X138,P.S. 138 Samuel Randall,0.0,1.0,2.0,0.0,0.0,Soundview-Castle Hill-Clason Point-Harding Park
2013-14,X139,0,0,345 BROOK AVENUE CONSOLIDATED LOCATION,0.0,1.0,3.0,0.0,1.0,Mott Haven-Port Morris
2013-14,X140,08X140,X140,P.S. X140 The Eagle School,1.0,0.0,0.0,1.0,0.0,Morrisania-Melrose
2013-14,X141,10X141,X141,Riverdale / Kingsbridge Academy (Middle School / H,0.0,2.0,9.0,1.0,1.0,North Riverdale-Fieldston-Riverdale
2013-14,X142,0,0,3750 BAYCHESTER AVENUE CONSOLIDATED LOCATION,1.0,4.0,2.0,0.0,2.0,Eastchester-Edenwald-Baychester
2013-14,X143,0,0,120 WEST 231 STREET CONSOLIDATED LOCATION,1.0,3.0,5.0,2.0,2.0,Van Cortlandt Village
2013-14,X144,0,0,2545 GUNTHER AVENUE CONSOLIDATED LOCATION,2.0,8.0,26.0,3.0,4.0,Allerton-Pelham Gardens
2013-14,X145,0,0,1000 TELLER AVENUE CONSOLIDATED LOCATION,2.0,7.0,20.0,0.0,6.0,East Concourse-Concourse Village
2013-14,X146,0,0,968 CAULDWELL AVENUE CONSOLIDATED LOCATION,0.0,0.0,2.0,0.0,0.0,Morrisania-Melrose
2013-14,X147,0,0,1600 WEBSTER AVENUE CONSOLIDATED LOCATION,0.0,5.0,6.0,1.0,1.0,Claremont-Bathgate
2013-14,X148,0,0,3630 THIRD AVENUE CONSOLIDATED LOCATION,0.0,7.0,11.0,0.0,2.0,Claremont-Bathgate
2013-14,X149,0,0,360 EAST 145 STREET CONSOLIDATED LOCATION,2.0,5.0,3.0,5.0,2.0,Mott Haven-Port Morris
2013-14,X150,12X150,X150,P.S. 150 Charles James Fox,1.0,1.0,0.0,2.0,0.0,Hunts Point
2013-14,X151,0,0,250 EAST 156 STREET CONSOLIDATED LOCATION,0.0,4.0,6.0,1.0,2.0,East Concourse-Concourse Village
2013-14,X152,08X152,X152,P.S. 152 Evergreen,1.0,0.0,1.0,1.0,0.0,Soundview-Bruckner
2013-14,X153,11X153,X153,P.S. 153 Helen Keller,0.0,0.0,1.0,0.0,0.0,Co-op City
2013-14,X154,0,0,333 EAST 135 STREET CONSOLIDATED LOCATION,1.0,2.0,2.0,3.0,0.0,Mott Haven-Port Morris
2013-14,X155,0,0,470 JACKSON AVENUE CONSOLIDATED LOCATION,3.0,14.0,17.0,6.0,10.0,Mott Haven-Port Morris
2013-14,X158,0,0,800 HOME STREET CONSOLIDATED LOCATION,1.0,4.0,5.0,3.0,2.0,Longwood
2013-14,X159,10X159,X159,P.S. 159 Luis Munoz Marin Biling,0.0,0.0,1.0,0.0,0.0,Claremont-Bathgate
2013-14,X160,0,0,4140 HUTCHINSON RIVER PKWAY EA CONSOLIDATED LOCATION,1.0,1.0,2.0,2.0,0.0,Co-op City
2013-14,X162,0,0,600 SAINT ANN'S AVENUE CONSOLIDATED LOCATION,0.0,6.0,6.0,3.0,2.0,Melrose South-Mott Haven North
2013-14,X163,09X163,X163,P.S. 163 Arthur A. Schomburg,0.0,1.0,0.0,1.0,0.0,Mount Hope
2013-14,X166,0,0,250 EAST 164 STREET CONSOLIDATED LOCATION,1.0,3.0,9.0,1.0,2.0,East Concourse-Concourse Village
2013-14,X167,0,0,1970 WEST FARMS ROAD CONSOLIDATED LOCATION,1.0,5.0,3.0,2.0,3.0,Crotona Park East
2013-14,X173,09X236,X236,P.S. 236 Langston Hughes,0.0,0.0,1.0,0.0,0.0,Mount Hope
2013-14,X174,0,0,456 WHITE PLAINS ROAD CONSOLIDATED LOCATION,1.0,9.0,14.0,2.0,4.0,Soundview-Castle Hill-Clason Point-Harding Park
2013-14,X175,11X175,X175,P.S. 175 City Island,0.0,0.0,2.0,0.0,0.0,Pelham Bay-Country Club-City Island
2013-14,X178,0,0,850 BAYCHESTER AVENUE CONSOLIDATED LOCATION,1.0,1.0,0.0,2.0,0.0,Co-op City
2013-14,X181,11X181,X181,I.S. 181 Pablo Casals,2.0,3.0,1.0,4.0,1.0,Co-op City
2013-14,X183,0,0,339 MORRIS AVENUE CONSOLIDATED LOCATION,0.0,5.0,14.0,3.0,0.0,Mott Haven-Port Morris
2013-14,X184,0,0,778 FOREST AVENUE CONSOLIDATED LOCATION,2.0,3.0,9.0,3.0,2.0,Melrose South-Mott Haven North
2013-14,X189,0,0,3441 STEENWICK AVENUE CONSOLIDATED LOCATION,0.0,2.0,2.0,2.0,0.0,Co-op City
2013-14,X192,0,0,650 HOLLYWOOD AVENUE CONSOLIDATED LOCATION,0.0,7.0,8.0,2.0,2.0,Schuylerville-Throgs Neck-Edgewater Park
2013-14,X193,0,0,1919 PROSPECT AVENUE CONSOLIDATED LOCATION,1.0,5.0,3.0,4.0,0.0,East Tremont
2013-14,X194,11X194,X194,PS/MS 194,0.0,1.0,0.0,1.0,0.0,Westchester-Unionport
2013-14,X198,0,0,1180 TINTON AVENUE CONSOLIDATED LOCATION,0.0,4.0,4.0,2.0,0.0,Morrisania-Melrose
2013-14,X205,10X205,X205,P.S. 205 Fiorello Laguardia,0.0,1.0,0.0,0.0,1.0,Belmont
2013-14,X206,10X206,X206,I.S. 206 Ann Mersereau,0.0,2.0,3.0,0.0,2.0,Kingsbridge Heights
2013-14,X209,10X209,X209,P.S. 209,0.0,0.0,1.0,0.0,0.0,Fordham South
2013-14,X211,10X319,X319,Providing Urban Learners Success In Education High,1.0,0.0,0.0,1.0,0.0,East Tremont
2013-14,X229,0,0,275 HARLEM RIVER PARK BRIDGE CONSOLIDATED LOCATION,0.0,5.0,3.0,3.0,2.0,University Heights-Morris Heights
2013-14,X234,12X300,X300,The School of Science and Applied Learning,0.0,1.0,1.0,0.0,1.0,East Tremont
2013-14,X254,10X254,X254,I.S. 254,0.0,5.0,2.0,2.0,2.0,Belmont
2013-14,X279,10X279,X279,"P.S. 279 Captain Manuel Rivera, Jr.",0.0,0.0,1.0,0.0,0.0,Mount Hope
2013-14,X285,09X361,X361,The Highbridge Green School,1.0,0.0,0.0,1.0,0.0,Highbridge
2013-14,X306,0,0,40 WEST TREMONT AVENUE CONSOLIDATED LOCATION,1.0,3.0,2.0,3.0,1.0,University Heights-Morris Heights
2013-14,X338,09X204,X204,P.S. 204 Morris Heights,0.0,0.0,1.0,0.0,0.0,
2013-14,X360,10X360,X360,P.S. 360,0.0,1.0,0.0,1.0,0.0,Van Cortlandt Village
2013-14,X362,0,0,921 EAST 228TH STREET CONSOLIDATED LOCATION,3.0,18.0,18.0,6.0,4.0,Williamsbridge-Olinville
2013-14,X368,10X368,X368,In-Tech Academy (M.S. / High School 368),1.0,1.0,1.0,1.0,1.0,Spuyten Duyvil-Kingsbridge
2013-14,X392,08X269,X269,Bronx Studio School for Writers and Artists,0.0,2.0,1.0,0.0,2.0,Hunts Point
2013-14,X400,0,0,1110 BOSTON ROAD CONSOLIDATED LOCATION,0.0,9.0,15.0,3.0,5.0,Morrisania-Melrose
2013-14,X401,0,0,1010 REV. J. A. POLITE AVENUE CONSOLIDATED LOCATION,0.0,8.0,12.0,3.0,2.0,Longwood
2013-14,X405,0,0,3000 EAST TREMONT AVENUE CONSOLIDATED LOCATION,3.0,16.0,34.0,9.0,10.0,Schuylerville-Throgs Neck-Edgewater Park
2013-14,X410,0,0,240 EAST 172 STREET CONSOLIDATED LOCATION,3.0,10.0,17.0,5.0,6.0,East Concourse-Concourse Village
2013-14,X415,0,0,925 ASTOR AVENUE CONSOLIDATED LOCATION,1.0,6.0,23.0,3.0,3.0,Bronxdale
2013-14,X420,0,0,1300 BOYNTON AVENUE CONSOLIDATED LOCATION,4.0,11.0,6.0,4.0,8.0,West Farms-Bronx River
2013-14,X423,0,0,1551 EAST 172ND STREET CONSOLIDATED LOCATION,1.0,5.0,6.0,5.0,1.0,West Farms-Bronx River
2013-14,X425,0,0,800 EAST GUN HILL ROAD CONSOLIDATED LOCATION,3.0,12.0,43.0,5.0,5.0,Williamsbridge-Olinville
2013-14,X430,0,0,2780 RESERVOIR AVENUE CONSOLIDATED LOCATION,1.0,12.0,36.0,1.0,9.0,Van Cortlandt Village
2013-14,X435,0,0,500 EAST FORDHAM ROAD CONSOLIDATED LOCATION,1.0,7.0,22.0,3.0,1.0,Belmont
2013-14,X440,0,0,100 WEST MOSHOLU PARKWAY SOUTH CONSOLIDATED LOCATION,8.0,24.0,70.0,7.0,17.0,Van Cortlandt Village
2013-14,X445,10X445,X445,Bronx High School of Science,0.0,2.0,5.0,1.0,0.0,Van Cortlandt Village
2013-14,X450,0,0,1980 LAFAYETTE AVENUE CONSOLIDATED LOCATION,1.0,23.0,47.0,7.0,6.0,Soundview-Castle Hill-Clason Point-Harding Park
2013-14,X455,0,0,750 BAYCHESTER AVENUE CONSOLIDATED LOCATION,3.0,12.0,14.0,4.0,9.0,Co-op City
2013-14,X460,09X505,X505,"Bronx School for Law, Government and Justice",2.0,4.0,1.0,2.0,2.0,East Concourse-Concourse Village
2013-14,X465,09X231,X231,Eagle Academy for Young Men,0.0,2.0,3.0,1.0,0.0,Claremont-Bathgate
2013-14,X470,0,0,701 ST. ANNS AVENUE CONSOLIDATED LOCATION,0.0,3.0,7.0,1.0,1.0,Melrose South-Mott Haven North
2013-14,X475,0,0,99 TERRACE VIEW AVENUE CONSOLIDATED LOCATION,15.0,17.0,56.0,22.0,7.0,Marble Hill-Inwood
2013-14,X498,0,0,1640 BRONXDALE AVE CONSOLIDATED LOCATION,0.0,0.0,1.0,0.0,0.0,Van Nest-Morris Park-Westchester Square
2013-14,X600,0,0,333 EAST 151 STREET CONSOLIDATED LOCATION,2.0,4.0,14.0,1.0,3.0,Melrose South-Mott Haven North
2013-14,X650,0,0,900 TINTON AVENUE CONSOLIDATED LOCATION,1.0,3.0,8.0,3.0,0.0,Morrisania-Melrose
2013-14,X655,0,0,455 SOUTHERN BLVD CONSOLIDATED LOCATION,1.0,3.0,3.0,1.0,2.0,Mott Haven-Port Morris
2013-14,X660,0,0,2474 CROTONA AVENUE CONSOLIDATED LOCATION,0.0,3.0,3.0,0.0,2.0,Belmont
2013-14,X701,75X723,X723,P.S. 723,0.0,2.0,1.0,1.0,1.0,Co-op City
2013-14,X722,75X721,X721,P.S. X721 - Stephen McSweeney School,0.0,0.0,1.0,0.0,0.0,Van Nest-Morris Park-Westchester Square
2013-14,X790,0,0,730 CONCOURSE VILLAGE WEST CONSOLIDATED LOCATION,1.0,11.0,22.0,6.0,5.0,East Concourse-Concourse Village
2013-14,X819,10X207,X207,P.S. 207,0.0,1.0,1.0,0.0,0.0,Spuyten Duyvil-Kingsbridge
2013-14,X839,11X418,X418,Bronx High School for the Visual Arts,0.0,7.0,5.0,2.0,4.0,Pelham Parkway
2013-14,X843,10X246,X246,P.S. 246 Poe Center,0.0,1.0,0.0,0.0,0.0,Bedford Park-Fordham North
2013-14,X876,09X525,X525,Bronx Leadership Academy High School,1.0,10.0,6.0,2.0,6.0,Claremont-Bathgate
2013-14,X878,12X682,X682,Fannie Lou Hamer Freedom High School,0.0,1.0,3.0,1.0,0.0,Crotona Park East
2013-14,X879,12X684,X684,Wings Academy,4.0,10.0,16.0,3.0,5.0,East Tremont
2013-14,X884,0,0,350 GERARD AVENUE CONSOLIDATED LOCATION,2.0,7.0,40.0,4.0,5.0,West Concourse
2013-14,X970,0,0,1595 BATHGATE AVENUE CONSOLIDATED LOCATION,0.0,10.0,13.0,3.0,4.0,Claremont-Bathgate
2013-14,X972,0,0,1440 STORY AVENUE CONSOLIDATED LOCATION,1.0,5.0,5.0,1.0,2.0,Soundview-Castle Hill-Clason Point-Harding Park
2013-14,X973,12X271,X271,East Bronx Academy for the Future,0.0,7.0,7.0,1.0,5.0,Crotona Park East
